罪名,手口,管轄警察署（発生地）,管轄交番・駐在所（発生地）,市区町村コード（発生地）,都道府県（発生地）,市区町村（発生地）,町丁目（発生地）,発生年月日（始期）,発生時（始期）,発生場所の属性,被害者の年齢,被害者の職業,施錠関係
窃盗,自転車盗,四国中央,三島交番,382132,愛媛県,四国中央市,三島中央５丁目,2019-07-20,09,駐車（輪）場,10歳代,その他,施錠した
窃盗,自転車盗,四国中央,川之江交番,382132,愛媛県,四国中央市,川之江町,2019-11-08,08,駐車（輪）場,10歳代,高校生,施錠した
窃盗,自転車盗,新居浜,中央交番,382051,愛媛県,新居浜市,新須賀町２丁目,2019-12-17,13,駐車（輪）場,20歳代,その他,施錠した
窃盗,自転車盗,新居浜,新居浜駅前交番,382051,愛媛県,新居浜市,坂井町３丁目,2019-03-04,18,その他,20歳代,その他,施錠した
窃盗,自転車盗,新居浜,新居浜駅前交番,382051,愛媛県,新居浜市,庄内町１丁目,2019-02-17,17,駐車（輪）場,30歳代,その他,施錠した
窃盗,自転車盗,新居浜,新居浜駅前交番,382051,愛媛県,新居浜市,松木町,2019-05-03,09,駐車（輪）場,20歳代,その他,施錠した
窃盗,自転車盗,新居浜,新居浜駅前交番,382051,愛媛県,新居浜市,八雲町,2019-12-13,18,駐車（輪）場,20歳代,その他,施錠した
窃盗,自転車盗,新居浜,郷駐在所,382051,愛媛県,新居浜市,郷５丁目,2019-01-10,07,道路上,20歳代,その他,施錠した
窃盗,自転車盗,新居浜,角野交番,382051,愛媛県,新居浜市,大生院,2019-09-28,07,その他,10歳代,高校生,施錠した
窃盗,自転車盗,新居浜,角野交番,382051,愛媛県,新居浜市,喜光地町２丁目,2019-05-15,13,駐車（輪）場,20歳代,その他,施錠した
窃盗,自転車盗,新居浜,船木駐在所,382051,愛媛県,新居浜市,船木,2019-06-06,03,道路上,40歳代,その他,施錠した
窃盗,自転車盗,新居浜,大生院駐在所,382051,愛媛県,新居浜市,萩生,2018-12-29,17,駐車（輪）場,50歳代,その他,施錠した
窃盗,自転車盗,西条,三本松交番,382060,愛媛県,西条市,大町,2019-03-18,00,道路上,20歳代,その他,施錠した
窃盗,自転車盗,西条,三本松交番,382060,愛媛県,西条市,神拝乙,2019-10-20,10,一戸建住宅,10歳代,その他,施錠した
窃盗,自転車盗,西条,三本松交番,382060,愛媛県,西条市,古川甲,2019-06-02,08,駐車（輪）場,30歳代,その他,施錠した
窃盗,自転車盗,西条,駅前交番,382060,愛媛県,西条市,大町,2019-03-20,21,駐車（輪）場,10歳代,高校生,施錠した
窃盗,自転車盗,西条,駅前交番,382060,愛媛県,西条市,大町,2019-04-02,22,駐車（輪）場,20歳代,その他,施錠した
窃盗,自転車盗,西条,駅前交番,382060,愛媛県,西条市,大町,2019-04-26,16,駐車（輪）場,10歳代,高校生,施錠した
窃盗,自転車盗,西条,駅前交番,382060,愛媛県,西条市,大町,2019-06-11,07,駐車（輪）場,10歳代,高校生,施錠した
窃盗,自転車盗,西条,駅前交番,382060,愛媛県,西条市,大町,2019-06-14,17,駐車（輪）場,法人・団体、被害者なし,法人・団体、被害者なし,施錠した
窃盗,自転車盗,西条,駅前交番,382060,愛媛県,西条市,大町,2019-06-27,06,その他,10歳代,中学生,施錠した
窃盗,自転車盗,西条,駅前交番,382060,愛媛県,西条市,大町,2019-09-25,18,駐車（輪）場,30歳代,その他,施錠した
窃盗,自転車盗,西条,駅前交番,382060,愛媛県,西条市,大町,2019-10-20,22,道路上,65-69歳,その他,施錠した
窃盗,自転車盗,西条西,駅前交番,382060,愛媛県,西条市,喜多台,2019-02-03,09,駐車（輪）場,20歳代,その他,施錠した
窃盗,自転車盗,今治,水上交番,382027,愛媛県,今治市,北宝来町１丁目,2018-12-30,18,その他,40歳代,その他,施錠した
窃盗,自転車盗,今治,水上交番,382027,愛媛県,今治市,黄金町１丁目,2019-02-15,01,駐車（輪）場,40歳代,その他,施錠した
窃盗,自転車盗,今治,水上交番,382027,愛媛県,今治市,末広町４丁目,2019-12-06,19,駐車（輪）場,10歳代,高校生,施錠した
窃盗,自転車盗,今治,水上交番,382027,愛媛県,今治市,大正町１丁目,2019-08-03,18,駐車（輪）場,70歳以上,その他,施錠した
窃盗,自転車盗,今治,水上交番,382027,愛媛県,今治市,別宮町１丁目,2019-05-22,14,その他,65-69歳,その他,施錠した
窃盗,自転車盗,今治,水上交番,382027,愛媛県,今治市,本町５丁目,2019-10-15,17,駐車（輪）場,65-69歳,その他,施錠した
窃盗,自転車盗,今治,水上交番,382027,愛媛県,今治市,松本町２丁目,2019-02-26,08,駐車（輪）場,50歳代,その他,施錠した
窃盗,自転車盗,今治,水上交番,382027,愛媛県,今治市,南宝来町１丁目,2019-08-31,15,駐車（輪）場,40歳代,その他,施錠した
窃盗,自転車盗,今治,水上交番,382027,愛媛県,今治市,南宝来町１丁目,2019-09-26,23,駐車（輪）場,40歳代,その他,施錠した
窃盗,自転車盗,今治,駅前交番,382027,愛媛県,今治市,常盤町５丁目,2019-08-22,19,駐車（輪）場,10歳代,高校生,施錠した
窃盗,自転車盗,今治,駅前交番,382027,愛媛県,今治市,別宮町１丁目,2019-05-23,12,駐車（輪）場,60-64歳,その他,施錠した
窃盗,自転車盗,今治,駅前交番,382027,愛媛県,今治市,別宮町７丁目,2019-08-08,17,駐車（輪）場,10歳代,その他,施錠した
窃盗,自転車盗,今治,旭町交番,382027,愛媛県,今治市,北鳥生町１丁目,2019-02-14,17,駐車（輪）場,30歳代,その他,施錠した
窃盗,自転車盗,今治,旭町交番,382027,愛媛県,今治市,郷本町２丁目,2019-07-24,17,一戸建住宅,70歳以上,その他,施錠した
窃盗,自転車盗,今治,旭町交番,382027,愛媛県,今治市,南高下町３丁目,2019-01-18,19,駐車（輪）場,20歳代,その他,施錠した
窃盗,自転車盗,今治,旭町交番,382027,愛媛県,今治市,南高下町３丁目,2019-08-15,10,駐車（輪）場,30歳代,その他,施錠した
窃盗,自転車盗,今治,乃万駐在所,382027,愛媛県,今治市,阿方,2019-07-22,17,駐車（輪）場,10歳代,大学生,施錠した
窃盗,自転車盗,今治,富田駐在所,382027,愛媛県,今治市,喜田村２丁目,2019-04-03,22,駐車（輪）場,10歳代,高校生,施錠した
窃盗,自転車盗,今治,富田駐在所,382027,愛媛県,今治市,郷新屋敷町２丁目,2019-02-01,16,その他,40歳代,その他,施錠した
窃盗,自転車盗,今治,富田駐在所,382027,愛媛県,今治市,東村１丁目,2019-06-22,14,駐車（輪）場,10歳代,高校生,施錠した
窃盗,自転車盗,松山東,一番町交番,382019,愛媛県,松山市,,2019-11-03,21,４階建て以上共同住宅,20歳代,大学生,施錠した
窃盗,自転車盗,松山東,一番町交番,382019,愛媛県,松山市,一番町１丁目,2019-12-09,18,駐車（輪）場,20歳代,大学生,施錠した
窃盗,自転車盗,松山東,一番町交番,382019,愛媛県,松山市,一番町３丁目,2019-01-26,03,道路上,20歳代,大学生,施錠した
窃盗,自転車盗,松山東,一番町交番,382019,愛媛県,松山市,大街道２丁目,2018-10-28,21,道路上,20歳代,大学生,施錠した
窃盗,自転車盗,松山東,一番町交番,382019,愛媛県,松山市,大街道２丁目,2019-03-29,18,駐車（輪）場,20歳代,大学生,施錠した
窃盗,自転車盗,松山東,一番町交番,382019,愛媛県,松山市,大街道２丁目,2019-04-07,16,駐車（輪）場,20歳代,大学生,施錠した
窃盗,自転車盗,松山東,一番町交番,382019,愛媛県,松山市,大街道２丁目,2019-08-07,21,道路上,20歳代,大学生,施錠した
窃盗,自転車盗,松山東,一番町交番,382019,愛媛県,松山市,大街道２丁目,2019-08-29,22,駐車（輪）場,10歳代,大学生,施錠した
窃盗,自転車盗,松山東,一番町交番,382019,愛媛県,松山市,大街道２丁目,2019-09-24,16,駐車（輪）場,10歳代,大学生,施錠した
窃盗,自転車盗,松山東,一番町交番,382019,愛媛県,松山市,大街道２丁目,2019-11-07,14,駐車（輪）場,10歳代,大学生,施錠した
窃盗,自転車盗,松山東,一番町交番,382019,愛媛県,松山市,大街道２丁目,2019-11-09,18,駐車（輪）場,10歳代,大学生,施錠した
窃盗,自転車盗,松山東,一番町交番,382019,愛媛県,松山市,大街道２丁目,2019-12-01,18,道路上,10歳代,大学生,施錠した
窃盗,自転車盗,松山東,一番町交番,382019,愛媛県,松山市,大街道２丁目,2019-12-26,19,道路上,20歳代,大学生,施錠した
窃盗,自転車盗,松山東,一番町交番,382019,愛媛県,松山市,大街道３丁目,2019-05-29,20,その他,10歳代,高校生,施錠した
窃盗,自転車盗,松山東,一番町交番,382019,愛媛県,松山市,大街道３丁目,2019-09-07,19,道路上,10歳代,大学生,施錠した
窃盗,自転車盗,松山東,一番町交番,382019,愛媛県,松山市,大街道３丁目,2019-10-18,14,道路上,20歳代,その他,施錠した
窃盗,自転車盗,松山東,一番町交番,382019,愛媛県,松山市,喜与町１丁目,2019-11-18,12,その他,30歳代,その他,施錠した
窃盗,自転車盗,松山東,一番町交番,382019,愛媛県,松山市,清水町１丁目,2019-05-26,00,駐車（輪）場,20歳代,大学生,施錠した
窃盗,自転車盗,松山東,一番町交番,382019,愛媛県,松山市,千舟町４丁目,2019-08-08,12,道路上,10歳代,その他,施錠した
窃盗,自転車盗,松山東,一番町交番,382019,愛媛県,松山市,道後樋又,2019-09-05,20,駐車（輪）場,20歳代,大学生,施錠した
窃盗,自転車盗,松山東,一番町交番,382019,愛媛県,松山市,二番町１丁目,2019-12-28,21,その他,50歳代,その他,施錠した
窃盗,自転車盗,松山東,一番町交番,382019,愛媛県,松山市,二番町２丁目,2019-04-20,18,道路上,50歳代,その他,施錠した
窃盗,自転車盗,松山東,一番町交番,382019,愛媛県,松山市,二番町２丁目,2019-07-17,17,道路上,10歳代,高校生,施錠した
窃盗,自転車盗,松山東,一番町交番,382019,愛媛県,松山市,二番町２丁目,2019-10-25,23,道路上,20歳代,大学生,施錠した
窃盗,自転車盗,松山東,一番町交番,382019,愛媛県,松山市,二番町２丁目,2019-11-15,18,道路上,50歳代,その他,施錠した
窃盗,自転車盗,松山東,一番町交番,382019,愛媛県,松山市,二番町２丁目,2019-12-03,15,道路上,30歳代,その他,施錠した
窃盗,自転車盗,松山東,一番町交番,382019,愛媛県,松山市,二番町２丁目,2019-12-07,20,道路上,30歳代,その他,施錠した
窃盗,自転車盗,松山東,一番町交番,382019,愛媛県,松山市,二番町３丁目,2019-02-16,12,その他,30歳代,その他,施錠した
窃盗,自転車盗,松山東,一番町交番,382019,愛媛県,松山市,二番町３丁目,2019-03-16,19,道路上,30歳代,その他,施錠した
窃盗,自転車盗,松山東,一番町交番,382019,愛媛県,松山市,二番町３丁目,2019-04-06,21,道路上,65-69歳,その他,施錠した
窃盗,自転車盗,松山東,一番町交番,382019,愛媛県,松山市,二番町３丁目,2019-04-13,23,駐車（輪）場,20歳代,その他,施錠した
窃盗,自転車盗,松山東,一番町交番,382019,愛媛県,松山市,二番町３丁目,2019-06-29,22,駐車（輪）場,20歳代,大学生,施錠した
窃盗,自転車盗,松山東,一番町交番,382019,愛媛県,松山市,二番町３丁目,2019-07-27,05,道路上,40歳代,その他,施錠した
窃盗,自転車盗,松山東,一番町交番,382019,愛媛県,松山市,二番町３丁目,2019-09-04,20,道路上,20歳代,その他,施錠した
窃盗,自転車盗,松山東,一番町交番,382019,愛媛県,松山市,文京町,2019-06-17,12,駐車（輪）場,20歳代,大学生,施錠した
窃盗,自転車盗,松山東,一番町交番,382019,愛媛県,松山市,堀之内,2019-09-02,09,駐車（輪）場,20歳代,その他,施錠した
窃盗,自転車盗,松山東,一番町交番,382019,愛媛県,松山市,緑町１丁目,2018-12-24,12,駐車（輪）場,20歳代,大学生,施錠した
窃盗,自転車盗,松山東,一番町交番,382019,愛媛県,松山市,緑町１丁目,2019-01-10,21,駐車（輪）場,20歳代,大学生,施錠した
窃盗,自転車盗,松山東,一番町交番,382019,愛媛県,松山市,緑町１丁目,2019-03-16,08,４階建て以上共同住宅,20歳代,大学生,施錠した
窃盗,自転車盗,松山東,一番町交番,382019,愛媛県,松山市,緑町１丁目,2019-04-01,21,駐車（輪）場,65-69歳,その他,施錠した
窃盗,自転車盗,松山東,一番町交番,382019,愛媛県,松山市,緑町１丁目,2019-04-03,16,４階建て以上共同住宅,65-69歳,その他,施錠した
窃盗,自転車盗,松山東,一番町交番,382019,愛媛県,松山市,緑町１丁目,2019-05-15,不明,駐車（輪）場,20歳代,大学生,施錠した
窃盗,自転車盗,松山東,一番町交番,382019,愛媛県,松山市,緑町２丁目,2019-05-29,00,駐車（輪）場,10歳代,大学生,施錠した
窃盗,自転車盗,松山東,一番町交番,382019,愛媛県,松山市,南持田町,2019-04-17,00,駐車（輪）場,10歳代,大学生,施錠した
窃盗,自転車盗,松山東,一番町交番,382019,愛媛県,松山市,南持田町,2019-08-01,13,４階建て以上共同住宅,20歳代,その他,施錠した
窃盗,自転車盗,松山東,大街道交番,382019,愛媛県,松山市,大街道１丁目,2019-01-11,20,道路上,20歳代,大学生,施錠した
窃盗,自転車盗,松山東,大街道交番,382019,愛媛県,松山市,大街道１丁目,2019-02-07,23,道路上,20歳代,その他,施錠した
窃盗,自転車盗,松山東,大街道交番,382019,愛媛県,松山市,大街道１丁目,2019-02-14,13,駐車（輪）場,30歳代,その他,施錠した
窃盗,自転車盗,松山東,大街道交番,382019,愛媛県,松山市,大街道１丁目,2019-05-22,02,道路上,20歳代,大学生,施錠した
窃盗,自転車盗,松山東,大街道交番,382019,愛媛県,松山市,大街道１丁目,2019-10-20,21,駐車（輪）場,10歳代,高校生,施錠した
窃盗,自転車盗,松山東,大街道交番,382019,愛媛県,松山市,大街道２丁目,2019-02-26,23,道路上,10歳代,大学生,施錠した
窃盗,自転車盗,松山東,大街道交番,382019,愛媛県,松山市,大街道２丁目,2019-08-13,23,その他,10歳代,大学生,施錠した
窃盗,自転車盗,松山東,大街道交番,382019,愛媛県,松山市,大街道２丁目,2019-11-30,19,道路上,40歳代,その他,施錠した
窃盗,自転車盗,松山東,大街道交番,382019,愛媛県,松山市,大街道３丁目,2019-04-19,19,道路上,30歳代,その他,施錠した
窃盗,自転車盗,松山東,大街道交番,382019,愛媛県,松山市,河原町,2019-04-05,17,その他,20歳代,その他,施錠した
窃盗,自転車盗,松山東,大街道交番,382019,愛媛県,松山市,河原町,2019-10-28,13,駐車（輪）場,40歳代,その他,施錠した
窃盗,自転車盗,松山東,大街道交番,382019,愛媛県,松山市,三番町２丁目,2019-01-04,17,道路上,50歳代,その他,施錠した
窃盗,自転車盗,松山東,大街道交番,382019,愛媛県,松山市,三番町２丁目,2019-02-04,23,その他,20歳代,その他,施錠した
窃盗,自転車盗,松山東,大街道交番,382019,愛媛県,松山市,三番町２丁目,2019-03-08,14,道路上,10歳代,その他,施錠した
窃盗,自転車盗,松山東,大街道交番,382019,愛媛県,松山市,三番町２丁目,2019-09-08,19,道路上,20歳代,その他,施錠した
窃盗,自転車盗,松山東,大街道交番,382019,愛媛県,松山市,三番町２丁目,2019-12-19,02,道路上,20歳代,その他,施錠した
窃盗,自転車盗,松山東,大街道交番,382019,愛媛県,松山市,三番町３丁目,2019-08-11,21,その他,20歳代,大学生,施錠した
窃盗,自転車盗,松山東,大街道交番,382019,愛媛県,松山市,立花１丁目,2019-11-20,18,駐車（輪）場,50歳代,その他,施錠した
窃盗,自転車盗,松山東,大街道交番,382019,愛媛県,松山市,立花１丁目,2019-12-10,06,駐車（輪）場,50歳代,その他,施錠した
窃盗,自転車盗,松山東,大街道交番,382019,愛媛県,松山市,立花２丁目,2019-04-01,12,駐車（輪）場,10歳代,高校生,施錠した
窃盗,自転車盗,松山東,大街道交番,382019,愛媛県,松山市,立花２丁目,2019-06-19,07,駐車（輪）場,10歳代,高校生,施錠した
窃盗,自転車盗,松山東,大街道交番,382019,愛媛県,松山市,千舟町２丁目,2019-01-22,22,駐車（輪）場,60-64歳,その他,施錠した
窃盗,自転車盗,松山東,大街道交番,382019,愛媛県,松山市,千舟町２丁目,2019-07-20,16,道路上,10歳代,大学生,施錠した
窃盗,自転車盗,松山東,大街道交番,382019,愛媛県,松山市,道後樋又,2019-09-28,17,駐車（輪）場,10歳代,その他,施錠した
窃盗,自転車盗,松山東,大街道交番,382019,愛媛県,松山市,中村２丁目,2019-03-22,18,４階建て以上共同住宅,10歳代,小学生,施錠した
窃盗,自転車盗,松山東,大街道交番,382019,愛媛県,松山市,中村５丁目,2019-01-08,20,駐車（輪）場,30歳代,その他,施錠した
窃盗,自転車盗,松山東,大街道交番,382019,愛媛県,松山市,中村５丁目,2019-09-17,18,駐車（輪）場,20歳代,その他,施錠した
窃盗,自転車盗,松山東,大街道交番,382019,愛媛県,松山市,永木町１丁目,2019-02-28,02,４階建て以上共同住宅,20歳代,その他,施錠した
窃盗,自転車盗,松山東,大街道交番,382019,愛媛県,松山市,二番町３丁目,2019-09-26,17,道路上,40歳代,その他,施錠した
窃盗,自転車盗,松山東,大街道交番,382019,愛媛県,松山市,御宝町,2019-10-28,10,駐車（輪）場,70歳以上,その他,施錠した
窃盗,自転車盗,松山東,大街道交番,382019,愛媛県,松山市,湊町３丁目,2019-04-03,15,道路上,50歳代,その他,施錠した
窃盗,自転車盗,松山東,大街道交番,382019,愛媛県,松山市,柳井町２丁目,2019-04-28,12,駐車（輪）場,20歳代,その他,施錠した
窃盗,自転車盗,松山東,市駅前交番,382019,愛媛県,松山市,和泉北１丁目,2019-08-15,不明,駐車（輪）場,30歳代,その他,施錠した
窃盗,自転車盗,松山東,市駅前交番,382019,愛媛県,松山市,和泉北１丁目,2019-09-07,00,駐車（輪）場,40歳代,その他,施錠した
窃盗,自転車盗,松山東,市駅前交番,382019,愛媛県,松山市,和泉北１丁目,2019-12-11,19,駐車（輪）場,40歳代,その他,施錠した
窃盗,自転車盗,松山東,市駅前交番,382019,愛媛県,松山市,和泉北２丁目,2019-03-12,12,駐車（輪）場,40歳代,その他,施錠した
窃盗,自転車盗,松山東,市駅前交番,382019,愛媛県,松山市,和泉北２丁目,2019-12-01,08,その他の住宅（３階建て以下共同住宅等）,50歳代,その他,施錠した
窃盗,自転車盗,松山東,市駅前交番,382019,愛媛県,松山市,和泉北３丁目,2019-11-04,21,駐車（輪）場,20歳代,その他,施錠した
窃盗,自転車盗,松山東,市駅前交番,382019,愛媛県,松山市,永代町,2019-02-14,18,道路上,65-69歳,その他,施錠した
窃盗,自転車盗,松山東,市駅前交番,382019,愛媛県,松山市,永代町,2019-04-01,06,駐車（輪）場,10歳代,その他,施錠した
窃盗,自転車盗,松山東,市駅前交番,382019,愛媛県,松山市,小栗３丁目,2019-04-08,18,駐車（輪）場,50歳代,その他,施錠した
窃盗,自転車盗,松山東,市駅前交番,382019,愛媛県,松山市,小栗３丁目,2019-07-27,22,駐車（輪）場,50歳代,その他,施錠した
窃盗,自転車盗,松山東,市駅前交番,382019,愛媛県,松山市,小栗７丁目,2019-09-21,21,駐車（輪）場,20歳代,その他,施錠した
窃盗,自転車盗,松山東,市駅前交番,382019,愛媛県,松山市,春日町,2019-06-26,22,駐車（輪）場,65-69歳,その他,施錠した
窃盗,自転車盗,松山東,市駅前交番,382019,愛媛県,松山市,祇園町,2019-02-18,13,駐車（輪）場,50歳代,その他,施錠した
窃盗,自転車盗,松山東,市駅前交番,382019,愛媛県,松山市,三番町４丁目,2019-01-14,15,道路上,10歳代,高校生,施錠した
窃盗,自転車盗,松山東,市駅前交番,382019,愛媛県,松山市,三番町４丁目,2019-04-07,01,道路上,20歳代,その他,施錠した
窃盗,自転車盗,松山東,市駅前交番,382019,愛媛県,松山市,三番町４丁目,2019-05-21,22,道路上,20歳代,その他,施錠した
窃盗,自転車盗,松山東,市駅前交番,382019,愛媛県,松山市,千舟町４丁目,2019-07-27,12,道路上,20歳代,その他,施錠した
窃盗,自転車盗,松山東,市駅前交番,382019,愛媛県,松山市,二番町１丁目,2019-01-23,20,道路上,30歳代,その他,施錠した
窃盗,自転車盗,松山東,市駅前交番,382019,愛媛県,松山市,藤原２丁目,2019-07-19,18,駐車（輪）場,20歳代,その他,施錠した
窃盗,自転車盗,松山東,市駅前交番,382019,愛媛県,松山市,平和通２丁目,2019-09-25,20,道路上,10歳代,高校生,施錠した
窃盗,自転車盗,松山東,市駅前交番,382019,愛媛県,松山市,湊町４丁目,2019-07-04,18,道路上,20歳代,大学生,施錠した
窃盗,自転車盗,松山東,市駅前交番,382019,愛媛県,松山市,湊町４丁目,2019-07-22,19,駐車（輪）場,30歳代,その他,施錠した
窃盗,自転車盗,松山東,市駅前交番,382019,愛媛県,松山市,湊町５丁目,2019-01-08,07,その他,10歳代,その他,施錠した
窃盗,自転車盗,松山東,市駅前交番,382019,愛媛県,松山市,湊町５丁目,2019-01-29,07,道路上,30歳代,その他,施錠した
窃盗,自転車盗,松山東,市駅前交番,382019,愛媛県,松山市,湊町５丁目,2019-04-03,07,駐車（輪）場,30歳代,その他,施錠した
窃盗,自転車盗,松山東,市駅前交番,382019,愛媛県,松山市,湊町５丁目,2019-04-29,13,駐車（輪）場,20歳代,大学生,施錠した
窃盗,自転車盗,松山東,市駅前交番,382019,愛媛県,松山市,湊町５丁目,2019-07-22,12,道路上,10歳代,高校生,施錠した
窃盗,自転車盗,松山東,市駅前交番,382019,愛媛県,松山市,湊町５丁目,2019-08-12,07,駐車（輪）場,10歳代,高校生,施錠した
窃盗,自転車盗,松山東,市駅前交番,382019,愛媛県,松山市,湊町６丁目,2019-01-25,09,駐車（輪）場,20歳代,大学生,施錠した
窃盗,自転車盗,松山東,市駅前交番,382019,愛媛県,松山市,湊町６丁目,2019-04-26,16,駐車（輪）場,20歳代,大学生,施錠した
窃盗,自転車盗,松山東,市駅前交番,382019,愛媛県,松山市,湊町６丁目,2019-05-27,11,駐車（輪）場,30歳代,その他,施錠した
窃盗,自転車盗,松山東,市駅前交番,382019,愛媛県,松山市,湊町６丁目,2019-09-14,06,駐車（輪）場,20歳代,その他,施錠した
窃盗,自転車盗,松山東,市駅前交番,382019,愛媛県,松山市,柳井町２丁目,2019-03-05,18,駐車（輪）場,20歳代,その他,施錠した
窃盗,自転車盗,松山東,市駅前交番,382019,愛媛県,松山市,雄郡１丁目,2019-06-08,23,駐車（輪）場,20歳代,その他,施錠した
窃盗,自転車盗,松山東,市駅前交番,382019,愛媛県,松山市,雄郡１丁目,2019-08-27,21,駐車（輪）場,10歳代,その他,施錠した
窃盗,自転車盗,松山東,松山駅前交番,382019,愛媛県,松山市,大街道２丁目,2019-08-05,22,その他,20歳代,大学生,施錠した
窃盗,自転車盗,松山東,松山駅前交番,382019,愛媛県,松山市,大手町１丁目,2019-01-06,22,４階建て以上共同住宅,20歳代,その他,施錠した
窃盗,自転車盗,松山東,松山駅前交番,382019,愛媛県,松山市,大手町２丁目,2019-02-01,不明,道路上,20歳代,大学生,施錠した
窃盗,自転車盗,松山東,松山駅前交番,382019,愛媛県,松山市,大手町２丁目,2019-03-21,20,駐車（輪）場,10歳代,その他,施錠した
窃盗,自転車盗,松山東,松山駅前交番,382019,愛媛県,松山市,大手町２丁目,2019-07-09,15,駐車（輪）場,40歳代,その他,施錠した
窃盗,自転車盗,松山東,松山駅前交番,382019,愛媛県,松山市,大手町２丁目,2019-07-15,13,駐車（輪）場,65-69歳,その他,施錠した
窃盗,自転車盗,松山東,松山駅前交番,382019,愛媛県,松山市,大手町２丁目,2019-07-20,22,駐車（輪）場,30歳代,その他,施錠した
窃盗,自転車盗,松山東,松山駅前交番,382019,愛媛県,松山市,大手町２丁目,2019-08-01,13,駐車（輪）場,10歳代,高校生,施錠した
窃盗,自転車盗,松山東,松山駅前交番,382019,愛媛県,松山市,大手町２丁目,2019-08-03,10,駐車（輪）場,20歳代,大学生,施錠した
窃盗,自転車盗,松山東,松山駅前交番,382019,愛媛県,松山市,大手町２丁目,2019-09-08,19,駐車（輪）場,20歳代,大学生,施錠した
窃盗,自転車盗,松山東,松山駅前交番,382019,愛媛県,松山市,大手町２丁目,2019-09-26,11,駐車（輪）場,20歳代,大学生,施錠した
窃盗,自転車盗,松山東,松山駅前交番,382019,愛媛県,松山市,大手町２丁目,2019-10-06,08,駐車（輪）場,20歳代,その他,施錠した
窃盗,自転車盗,松山東,松山駅前交番,382019,愛媛県,松山市,大手町２丁目,2019-10-07,07,その他,50歳代,その他,施錠した
窃盗,自転車盗,松山東,松山駅前交番,382019,愛媛県,松山市,衣山２丁目,2019-12-13,13,駐車（輪）場,20歳代,その他,施錠した
窃盗,自転車盗,松山東,松山駅前交番,382019,愛媛県,松山市,三番町７丁目,2019-08-02,20,駐車（輪）場,30歳代,その他,施錠した
窃盗,自転車盗,松山東,松山駅前交番,382019,愛媛県,松山市,三番町７丁目,2019-08-30,18,駐車（輪）場,20歳代,その他,施錠した
窃盗,自転車盗,松山東,松山駅前交番,382019,愛媛県,松山市,中央１丁目,2019-08-12,14,その他,30歳代,その他,施錠した
窃盗,自転車盗,松山東,松山駅前交番,382019,愛媛県,松山市,中央２丁目,2019-01-12,00,駐車（輪）場,30歳代,その他,施錠した
窃盗,自転車盗,松山東,松山駅前交番,382019,愛媛県,松山市,美沢２丁目,2019-01-16,18,４階建て以上共同住宅,30歳代,その他,施錠した
窃盗,自転車盗,松山東,松山駅前交番,382019,愛媛県,松山市,南江戸１丁目,2019-04-29,19,駐車（輪）場,10歳代,高校生,施錠した
窃盗,自転車盗,松山東,松山駅前交番,382019,愛媛県,松山市,南江戸３丁目,2019-01-20,12,駐車（輪）場,50歳代,その他,施錠した
窃盗,自転車盗,松山東,松山駅前交番,382019,愛媛県,松山市,南江戸５丁目,2019-03-02,17,その他の住宅（３階建て以下共同住宅等）,65-69歳,その他,施錠した
窃盗,自転車盗,松山東,松山駅前交番,382019,愛媛県,松山市,南江戸６丁目,2019-09-23,20,４階建て以上共同住宅,65-69歳,その他,施錠した
窃盗,自転車盗,松山東,松山駅前交番,382019,愛媛県,松山市,宮田町,2018-12-23,15,その他,30歳代,その他,施錠した
窃盗,自転車盗,松山東,松山駅前交番,382019,愛媛県,松山市,宮田町,2019-03-21,18,駐車（輪）場,20歳代,その他,施錠した
窃盗,自転車盗,松山東,松山駅前交番,382019,愛媛県,松山市,宮田町,2019-03-30,18,駐車（輪）場,10歳代,高校生,施錠した
窃盗,自転車盗,松山東,松山駅前交番,382019,愛媛県,松山市,宮田町,2019-04-19,18,駐車（輪）場,20歳代,その他,施錠した
窃盗,自転車盗,松山東,松山駅前交番,382019,愛媛県,松山市,宮田町,2019-06-11,20,駐車（輪）場,10歳代,大学生,施錠した
窃盗,自転車盗,松山東,松山駅前交番,382019,愛媛県,松山市,宮田町,2019-06-20,22,駐車（輪）場,20歳代,その他,施錠した
窃盗,自転車盗,松山東,松山駅前交番,382019,愛媛県,松山市,宮田町,2019-07-22,17,駐車（輪）場,10歳代,大学生,施錠した
窃盗,自転車盗,松山東,松山駅前交番,382019,愛媛県,松山市,宮田町,2019-08-20,13,駐車（輪）場,10歳代,中学生,施錠した
窃盗,自転車盗,松山東,松山駅前交番,382019,愛媛県,松山市,宮田町,2019-10-16,20,駐車（輪）場,20歳代,その他,施錠した
窃盗,自転車盗,松山東,松山駅前交番,382019,愛媛県,松山市,宮田町,2019-11-06,18,駐車（輪）場,40歳代,その他,施錠した
窃盗,自転車盗,松山東,松山駅前交番,382019,愛媛県,松山市,宮西１丁目,2019-02-14,08,４階建て以上共同住宅,50歳代,その他,施錠した
窃盗,自転車盗,松山東,松山駅前交番,382019,愛媛県,松山市,宮西１丁目,2019-06-02,13,駐車（輪）場,50歳代,その他,施錠した
窃盗,自転車盗,松山東,城北交番,382019,愛媛県,松山市,萱町６丁目,2019-03-13,15,その他,60-64歳,その他,施錠した
窃盗,自転車盗,松山東,城北交番,382019,愛媛県,松山市,萱町６丁目,2019-04-28,18,駐車（輪）場,20歳代,大学生,施錠した
窃盗,自転車盗,松山東,城北交番,382019,愛媛県,松山市,萱町６丁目,2019-07-30,22,駐車（輪）場,10歳代,大学生,施錠した
窃盗,自転車盗,松山東,城北交番,382019,愛媛県,松山市,萱町６丁目,2019-11-29,23,その他,10歳代,その他,施錠した
窃盗,自転車盗,松山東,城北交番,382019,愛媛県,松山市,木屋町２丁目,2019-10-19,10,駐車（輪）場,30歳代,その他,施錠した
窃盗,自転車盗,松山東,城北交番,382019,愛媛県,松山市,清水町１丁目,2018-12-30,00,駐車（輪）場,20歳代,大学生,施錠した
窃盗,自転車盗,松山東,城北交番,382019,愛媛県,松山市,清水町１丁目,2019-11-20,02,その他の住宅（３階建て以下共同住宅等）,10歳代,大学生,施錠した
窃盗,自転車盗,松山東,城北交番,382019,愛媛県,松山市,清水町２丁目,2019-09-11,18,駐車（輪）場,20歳代,大学生,施錠した
窃盗,自転車盗,松山東,城北交番,382019,愛媛県,松山市,清水町２丁目,2019-12-05,11,一戸建住宅,70歳以上,その他,施錠した
窃盗,自転車盗,松山東,城北交番,382019,愛媛県,松山市,清水町４丁目,2018-12-23,09,駐車（輪）場,10歳代,その他,施錠した
窃盗,自転車盗,松山東,城北交番,382019,愛媛県,松山市,清水町４丁目,2019-04-02,14,駐車（輪）場,10歳代,大学生,施錠した
窃盗,自転車盗,松山東,城北交番,382019,愛媛県,松山市,清水町４丁目,2019-05-01,09,駐車（輪）場,10歳代,大学生,施錠した
窃盗,自転車盗,松山東,城北交番,382019,愛媛県,松山市,高砂町１丁目,2018-12-27,22,駐車（輪）場,20歳代,大学生,施錠した
窃盗,自転車盗,松山東,城北交番,382019,愛媛県,松山市,高砂町１丁目,2019-06-02,12,駐車（輪）場,30歳代,その他,施錠した
窃盗,自転車盗,松山東,城北交番,382019,愛媛県,松山市,高砂町１丁目,2019-08-15,18,駐車（輪）場,20歳代,大学生,施錠した
窃盗,自転車盗,松山東,城北交番,382019,愛媛県,松山市,高砂町２丁目,2019-07-10,13,駐車（輪）場,10歳代,大学生,施錠した
窃盗,自転車盗,松山東,城北交番,382019,愛媛県,松山市,高砂町２丁目,2019-08-07,16,駐車（輪）場,20歳代,その他,施錠した
窃盗,自転車盗,松山東,城北交番,382019,愛媛県,松山市,鉄砲町,2019-06-14,17,駐車（輪）場,10歳代,その他,施錠した
窃盗,自転車盗,松山東,城北交番,382019,愛媛県,松山市,鉄砲町,2019-07-05,18,駐車（輪）場,20歳代,大学生,施錠した
窃盗,自転車盗,松山東,城北交番,382019,愛媛県,松山市,鉄砲町,2019-08-26,18,駐車（輪）場,40歳代,その他,施錠した
窃盗,自転車盗,松山東,城北交番,382019,愛媛県,松山市,鉄砲町,2019-12-13,12,駐車（輪）場,20歳代,大学生,施錠した
窃盗,自転車盗,松山東,城北交番,382019,愛媛県,松山市,道後北代,2019-12-21,22,駐車（輪）場,10歳代,大学生,施錠した
窃盗,自転車盗,松山東,城北交番,382019,愛媛県,松山市,花園町,2019-04-01,16,道路上,10歳代,大学生,施錠した
窃盗,自転車盗,松山東,城北交番,382019,愛媛県,松山市,文京町,2019-02-18,11,駐車（輪）場,20歳代,大学生,施錠した
窃盗,自転車盗,松山東,城北交番,382019,愛媛県,松山市,文京町,2019-03-01,00,駐車（輪）場,20歳代,その他,施錠した
窃盗,自転車盗,松山東,城北交番,382019,愛媛県,松山市,文京町,2019-04-11,08,駐車（輪）場,10歳代,大学生,施錠した
窃盗,自転車盗,松山東,城北交番,382019,愛媛県,松山市,文京町,2019-10-07,10,駐車（輪）場,70歳以上,その他,施錠した
窃盗,自転車盗,松山東,城北交番,382019,愛媛県,松山市,文京町,2019-11-26,14,駐車（輪）場,10歳代,大学生,施錠した
窃盗,自転車盗,松山東,城北交番,382019,愛媛県,松山市,文京町,2019-11-29,18,駐車（輪）場,10歳代,大学生,施錠した
窃盗,自転車盗,松山東,城北交番,382019,愛媛県,松山市,平和通２丁目,2019-03-15,01,道路上,20歳代,大学生,施錠した
窃盗,自転車盗,松山東,城北交番,382019,愛媛県,松山市,平和通３丁目,2019-07-15,02,駐車（輪）場,20歳代,大学生,施錠した
窃盗,自転車盗,松山東,城北交番,382019,愛媛県,松山市,平和通３丁目,2019-07-26,16,その他,20歳代,大学生,施錠した
窃盗,自転車盗,松山東,城北交番,382019,愛媛県,松山市,平和通６丁目,2018-11-01,不明,駐車（輪）場,10歳代,大学生,施錠した
窃盗,自転車盗,松山東,城北交番,382019,愛媛県,松山市,本町２丁目,2019-08-17,20,駐車（輪）場,20歳代,その他,施錠した
窃盗,自転車盗,松山東,城北交番,382019,愛媛県,松山市,松前町５丁目,2019-07-27,17,駐車（輪）場,20歳代,大学生,施錠した
窃盗,自転車盗,松山東,城北交番,382019,愛媛県,松山市,松前町５丁目,2019-08-11,21,４階建て以上共同住宅,20歳代,大学生,施錠した
窃盗,自転車盗,松山東,城北交番,382019,愛媛県,松山市,若草町,2019-12-28,19,駐車（輪）場,20歳代,その他,施錠した
窃盗,自転車盗,松山東,道後交番,382019,愛媛県,松山市,石手白石,2019-06-19,20,駐車（輪）場,60-64歳,その他,施錠した
窃盗,自転車盗,松山東,道後交番,382019,愛媛県,松山市,大街道３丁目,2019-07-19,13,その他,20歳代,大学生,施錠した
窃盗,自転車盗,松山東,道後交番,382019,愛媛県,松山市,道後今市,2019-02-25,09,４階建て以上共同住宅,20歳代,大学生,施錠した
窃盗,自転車盗,松山東,道後交番,382019,愛媛県,松山市,道後北代,2019-04-19,19,４階建て以上共同住宅,10歳代,大学生,施錠した
窃盗,自転車盗,松山東,道後交番,382019,愛媛県,松山市,道後喜多町,2019-03-14,08,一戸建住宅,40歳代,その他,施錠した
窃盗,自転車盗,松山東,道後交番,382019,愛媛県,松山市,道後喜多町,2019-06-23,19,駐車（輪）場,50歳代,その他,施錠した
窃盗,自転車盗,松山東,道後交番,382019,愛媛県,松山市,道後樋又,2019-04-28,10,駐車（輪）場,20歳代,大学生,施錠した
窃盗,自転車盗,松山東,道後交番,382019,愛媛県,松山市,道後樋又,2019-09-20,12,駐車（輪）場,10歳代,大学生,施錠した
窃盗,自転車盗,松山東,道後交番,382019,愛媛県,松山市,道後湯之町,2019-09-25,11,その他,70歳以上,その他,施錠した
窃盗,自転車盗,松山東,道後交番,382019,愛媛県,松山市,道後町１丁目,2019-11-17,11,駐車（輪）場,65-69歳,その他,施錠した
窃盗,自転車盗,松山東,道後交番,382019,愛媛県,松山市,南町１丁目,2019-06-23,00,駐車（輪）場,20歳代,大学生,施錠した
窃盗,自転車盗,松山東,素鵞交番,382019,愛媛県,松山市,枝松５丁目,2019-02-12,08,一戸建住宅,20歳代,その他,施錠した
窃盗,自転車盗,松山東,素鵞交番,382019,愛媛県,松山市,桑原３丁目,2019-10-08,18,駐車（輪）場,30歳代,その他,施錠した
窃盗,自転車盗,松山東,素鵞交番,382019,愛媛県,松山市,三番町２丁目,2019-07-06,23,道路上,30歳代,その他,施錠した
窃盗,自転車盗,松山東,素鵞交番,382019,愛媛県,松山市,束本２丁目,2019-08-06,17,駐車（輪）場,10歳代,中学生,施錠した
窃盗,自転車盗,松山東,素鵞交番,382019,愛媛県,松山市,東野３丁目,2019-11-13,17,一戸建住宅,20歳代,その他,施錠した
窃盗,自転車盗,松山東,素鵞交番,382019,愛媛県,松山市,本町６丁目,2019-02-27,20,駐車（輪）場,30歳代,その他,施錠した
窃盗,自転車盗,松山東,御幸交番,382019,愛媛県,松山市,姫原２丁目,2019-06-15,08,その他,10歳代,中学生,施錠した
窃盗,自転車盗,松山東,御幸交番,382019,愛媛県,松山市,姫原３丁目,2019-03-15,17,その他の住宅（３階建て以下共同住宅等）,40歳代,その他,施錠した
窃盗,自転車盗,松山東,御幸交番,382019,愛媛県,松山市,御幸１丁目,2019-05-06,18,駐車（輪）場,20歳代,大学生,施錠した
窃盗,自転車盗,松山東,御幸交番,382019,愛媛県,松山市,御幸２丁目,2019-02-27,18,一戸建住宅,10歳代,大学生,施錠した
窃盗,自転車盗,松山東,御幸交番,382019,愛媛県,松山市,山越５丁目,2019-04-25,15,駐車（輪）場,20歳代,大学生,施錠した
窃盗,自転車盗,松山東,潮見駐在所,382019,愛媛県,松山市,吉藤２丁目,2019-01-23,20,駐車（輪）場,10歳代,その他,施錠した
窃盗,自転車盗,松山東,湯山駐在所,382019,愛媛県,松山市,末広町,2019-03-23,10,道路上,70歳以上,その他,施錠した
窃盗,自転車盗,松山東,余戸交番,382019,愛媛県,松山市,余戸中６丁目,2019-08-16,14,駐車（輪）場,40歳代,その他,施錠した
窃盗,自転車盗,松山東,余戸交番,382019,愛媛県,松山市,余戸南５丁目,2019-05-10,14,駐車（輪）場,20歳代,その他,施錠した
窃盗,自転車盗,松山西,みつ交番,382019,愛媛県,松山市,会津町,2019-01-27,18,駐車（輪）場,10歳代,中学生,施錠した
窃盗,自転車盗,松山西,みつ交番,382019,愛媛県,松山市,会津町,2019-07-19,12,その他,10歳代,高校生,施錠した
窃盗,自転車盗,松山西,みつ交番,382019,愛媛県,松山市,会津町,2019-07-26,08,駐車（輪）場,40歳代,その他,施錠した
窃盗,自転車盗,松山西,みつ交番,382019,愛媛県,松山市,古三津５丁目,2019-06-17,14,一戸建住宅,20歳代,その他,施錠した
窃盗,自転車盗,松山西,高浜交番,382019,愛媛県,松山市,高浜町１丁目,2018-09-01,07,駐車（輪）場,10歳代,高校生,施錠した
窃盗,自転車盗,松山西,高浜交番,382019,愛媛県,松山市,梅津寺町,2019-08-03,19,その他,40歳代,その他,施錠した
窃盗,自転車盗,松山西,味生交番,382019,愛媛県,松山市,空港通６丁目,2019-03-03,13,駐車（輪）場,10歳代,中学生,施錠した
窃盗,自転車盗,松山西,味生交番,382019,愛媛県,松山市,空港通６丁目,2019-11-11,07,駐車（輪）場,40歳代,その他,施錠した
窃盗,自転車盗,松山西,味生交番,382019,愛媛県,松山市,西垣生町,2019-03-24,17,駐車（輪）場,50歳代,その他,施錠した
窃盗,自転車盗,松山西,味生交番,382019,愛媛県,松山市,別府町,2019-11-02,13,その他,65-69歳,その他,施錠した
窃盗,自転車盗,松山西,久枝交番,382019,愛媛県,松山市,久万ノ台,2019-10-17,23,駐車（輪）場,20歳代,その他,施錠した
窃盗,自転車盗,松山西,久枝交番,382019,愛媛県,松山市,西長戸町,2018-12-01,不明,駐車（輪）場,30歳代,その他,施錠した
窃盗,自転車盗,松山西,久枝交番,382019,愛媛県,松山市,東長戸１丁目,2018-12-23,18,駐車（輪）場,50歳代,その他,施錠した
窃盗,自転車盗,松山西,和気駐在所,382019,愛媛県,松山市,,2019-10-25,18,駐車（輪）場,30歳代,その他,施錠した
窃盗,自転車盗,松山西,堀江駐在所,382019,愛媛県,松山市,堀江町,2019-05-20,09,道路上,10歳代,その他,施錠した
窃盗,自転車盗,松山西,堀江駐在所,382019,愛媛県,松山市,堀江町,2019-07-26,06,その他,10歳代,高校生,施錠した
窃盗,自転車盗,伊予,駅前交番,382108,愛媛県,伊予市,米湊,2019-04-26,08,その他,40歳代,その他,施錠した
窃盗,自転車盗,伊予,駅前交番,382108,愛媛県,伊予市,米湊,2019-05-27,07,その他,50歳代,その他,施錠した
窃盗,自転車盗,伊予,駅前交番,382108,愛媛県,伊予市,下吾川,2019-03-02,11,その他,70歳以上,その他,施錠した
窃盗,自転車盗,伊予,松前交番,384011,愛媛県,松前町,大字昌農内,2019-12-09,07,その他,10歳代,中学生,施錠した
窃盗,自転車盗,伊予,松前交番,384011,愛媛県,松前町,大字筒井,2019-09-14,09,一戸建住宅,70歳以上,その他,施錠した
窃盗,自転車盗,八幡浜,保内交番,382043,愛媛県,八幡浜市,保内町川之石,2019-03-19,16,４階建て以上共同住宅,20歳代,その他,施錠した
窃盗,自転車盗,八幡浜,みなと交番,382043,愛媛県,八幡浜市,,2019-07-06,12,道路上,70歳以上,その他,施錠した
窃盗,自転車盗,西予,西予警察署所在地,382141,愛媛県,西予市,宇和町卯之町４丁目,2019-04-19,20,駐車（輪）場,20歳代,その他,施錠した
窃盗,自転車盗,西予,高山駐在所,382141,愛媛県,西予市,明浜町高山,2019-01-13,08,駐車（輪）場,50歳代,その他,施錠した
窃盗,自転車盗,宇和島,駅前交番,382035,愛媛県,宇和島市,,2019-04-07,15,その他,70歳以上,その他,施錠した
窃盗,自転車盗,宇和島,駅前交番,382035,愛媛県,宇和島市,弁天町１丁目,2019-03-11,11,駐車（輪）場,40歳代,その他,施錠した
窃盗,自転車盗,宇和島,駅前交番,382035,愛媛県,宇和島市,弁天町３丁目,2019-10-04,06,道路上,65-69歳,その他,施錠した
窃盗,自転車盗,宇和島,駅前交番,382035,愛媛県,宇和島市,和霊町,2019-02-02,07,一戸建住宅,65-69歳,その他,施錠した
窃盗,自転車盗,宇和島,津島駐在所,382035,愛媛県,宇和島市,津島町近家,2019-01-24,07,その他,10歳代,中学生,施錠した
窃盗,自転車盗,宇和島,鬼北交番,384887,愛媛県,鬼北町,大字近永,2018-12-01,不明,駐車（輪）場,10歳代,高校生,施錠した
窃盗,自転車盗,松山南,石井交番,382019,愛媛県,松山市,西石井６丁目,2019-03-20,21,その他の住宅（３階建て以下共同住宅等）,30歳代,その他,施錠した
窃盗,自転車盗,松山南,石井交番,382019,愛媛県,松山市,西石井６丁目,2019-05-16,13,駐車（輪）場,10歳代,高校生,施錠した
窃盗,自転車盗,松山南,久米交番,382019,愛媛県,松山市,北久米町,2019-05-30,17,駐車（輪）場,10歳代,その他,施錠した
窃盗,自転車盗,松山南,久米交番,382019,愛媛県,松山市,北久米町,2019-09-02,07,その他,30歳代,その他,施錠した
窃盗,自転車盗,松山南,久米交番,382019,愛媛県,松山市,鷹子町,2019-02-05,12,一戸建住宅,10歳代,中学生,施錠した
窃盗,自転車盗,松山南,久米交番,382019,愛媛県,松山市,福音寺町,2019-02-28,07,駐車（輪）場,20歳代,その他,施錠した
窃盗,自転車盗,松山南,久米交番,382019,愛媛県,松山市,福音寺町,2019-12-12,17,その他,10歳代,高校生,施錠した
窃盗,自転車盗,松山南,久米交番,382019,愛媛県,松山市,南久米町,2019-02-11,10,駐車（輪）場,20歳代,その他,施錠した
窃盗,自転車盗,松山南,重信交番,382159,愛媛県,東温市,志津川,2019-04-02,16,その他の住宅（３階建て以下共同住宅等）,20歳代,大学生,施錠した
窃盗,自転車盗,松山南,重信交番,382159,愛媛県,東温市,志津川,2019-07-12,14,駐車（輪）場,20歳代,その他,施錠した
窃盗,自転車盗,松山南,重信交番,382159,愛媛県,東温市,志津川,2019-10-13,13,駐車（輪）場,10歳代,大学生,施錠した
窃盗,自転車盗,松山南,重信交番,382159,愛媛県,東温市,樋口,2019-12-18,21,駐車（輪）場,50歳代,その他,施錠した
窃盗,自転車盗,松山南,重信交番,382159,愛媛県,東温市,横河原,2018-04-06,08,駐車（輪）場,20歳代,大学生,施錠した
窃盗,自転車盗,松山南,朝生田交番,382019,愛媛県,松山市,朝生田町１丁目,2018-08-31,12,駐車（輪）場,30歳代,その他,施錠した
窃盗,自転車盗,松山南,朝生田交番,382019,愛媛県,松山市,朝生田町５丁目,2019-08-11,11,駐車（輪）場,10歳代,その他,施錠した
窃盗,自転車盗,松山南,朝生田交番,382019,愛媛県,松山市,古川北４丁目,2019-08-02,18,駐車（輪）場,40歳代,その他,施錠した
窃盗,自転車盗,松山南,朝生田交番,382019,愛媛県,松山市,天山１丁目,2019-04-04,13,駐車（輪）場,70歳以上,その他,施錠した
窃盗,自転車盗,松山南,朝生田交番,382019,愛媛県,松山市,天山１丁目,2019-07-13,12,その他,70歳以上,その他,施錠した
窃盗,自転車盗,四国中央,三島交番,382132,愛媛県,四国中央市,上柏町,2019-02-20,12,その他,10歳代,高校生,施錠せず
窃盗,自転車盗,四国中央,三島交番,382132,愛媛県,四国中央市,金生町下分,2019-06-02,14,一戸建住宅,40歳代,その他,施錠せず
窃盗,自転車盗,四国中央,三島交番,382132,愛媛県,四国中央市,中之庄町,2019-03-20,13,駐車（輪）場,10歳代,高校生,施錠せず
窃盗,自転車盗,四国中央,三島交番,382132,愛媛県,四国中央市,中之庄町,2019-10-10,09,駐車（輪）場,10歳代,その他,施錠せず
窃盗,自転車盗,四国中央,三島交番,382132,愛媛県,四国中央市,三島朝日１丁目,2018-12-07,20,駐車（輪）場,10歳代,中学生,施錠せず
窃盗,自転車盗,四国中央,三島交番,382132,愛媛県,四国中央市,三島朝日３丁目,2014-07-01,不明,駐車（輪）場,30歳代,その他,施錠せず
窃盗,自転車盗,四国中央,三島交番,382132,愛媛県,四国中央市,三島朝日３丁目,2019-11-12,22,駐車（輪）場,20歳代,その他,施錠せず
窃盗,自転車盗,四国中央,三島交番,382132,愛媛県,四国中央市,三島中央３丁目,2018-10-15,22,駐車（輪）場,20歳代,その他,施錠せず
窃盗,自転車盗,四国中央,三島交番,382132,愛媛県,四国中央市,三島中央３丁目,2019-04-26,07,その他,10歳代,その他,施錠せず
窃盗,自転車盗,四国中央,三島交番,382132,愛媛県,四国中央市,三島中央３丁目,2019-07-22,07,駐車（輪）場,10歳代,その他,施錠せず
窃盗,自転車盗,四国中央,三島交番,382132,愛媛県,四国中央市,三島中央５丁目,2019-02-20,07,駐車（輪）場,10歳代,高校生,施錠せず
窃盗,自転車盗,四国中央,三島交番,382132,愛媛県,四国中央市,三島中央５丁目,2019-11-15,07,駐車（輪）場,10歳代,高校生,施錠せず
窃盗,自転車盗,四国中央,川之江交番,382132,愛媛県,四国中央市,川之江町,2019-02-07,08,駐車（輪）場,50歳代,その他,施錠せず
窃盗,自転車盗,四国中央,川之江交番,382132,愛媛県,四国中央市,川之江町,2019-05-19,13,駐車（輪）場,70歳以上,その他,施錠せず
窃盗,自転車盗,四国中央,川之江交番,382132,愛媛県,四国中央市,川之江町,2019-09-22,12,駐車（輪）場,10歳代,中学生,施錠せず
窃盗,自転車盗,四国中央,川之江交番,382132,愛媛県,四国中央市,妻鳥町,2019-02-03,13,駐車（輪）場,10歳代,高校生,施錠せず
窃盗,自転車盗,四国中央,川之江交番,382132,愛媛県,四国中央市,妻鳥町,2019-04-07,09,駐車（輪）場,50歳代,その他,施錠せず
窃盗,自転車盗,四国中央,土居駐在所,382132,愛媛県,四国中央市,土居町土居,2019-12-21,10,駐車（輪）場,40歳代,その他,施錠せず
窃盗,自転車盗,四国中央,土居駐在所,382132,愛媛県,四国中央市,土居町野田,2019-04-04,19,駐車（輪）場,10歳代,その他,施錠せず
窃盗,自転車盗,新居浜,中央交番,382051,愛媛県,新居浜市,泉池町,2019-07-19,22,道路上,20歳代,その他,施錠せず
窃盗,自転車盗,新居浜,中央交番,382051,愛媛県,新居浜市,泉宮町,2019-08-01,19,駐車（輪）場,10歳代,小学生,施錠せず
窃盗,自転車盗,新居浜,中央交番,382051,愛媛県,新居浜市,菊本町１丁目,2019-08-24,18,駐車（輪）場,20歳代,その他,施錠せず
窃盗,自転車盗,新居浜,中央交番,382051,愛媛県,新居浜市,菊本町１丁目,2019-09-11,13,駐車（輪）場,20歳代,その他,施錠せず
窃盗,自転車盗,新居浜,中央交番,382051,愛媛県,新居浜市,久保田町１丁目,2019-06-11,16,駐車（輪）場,60-64歳,その他,施錠せず
窃盗,自転車盗,新居浜,中央交番,382051,愛媛県,新居浜市,新須賀町１丁目,2019-06-09,18,駐車（輪）場,20歳代,その他,施錠せず
窃盗,自転車盗,新居浜,中央交番,382051,愛媛県,新居浜市,新須賀町２丁目,2019-03-26,15,駐車（輪）場,10歳代,その他,施錠せず
窃盗,自転車盗,新居浜,中央交番,382051,愛媛県,新居浜市,新須賀町２丁目,2019-04-05,17,駐車（輪）場,10歳代,小学生,施錠せず
窃盗,自転車盗,新居浜,中央交番,382051,愛媛県,新居浜市,新須賀町３丁目,2019-01-20,20,一戸建住宅,70歳以上,その他,施錠せず
窃盗,自転車盗,新居浜,中央交番,382051,愛媛県,新居浜市,田所町,2019-04-13,16,駐車（輪）場,10歳代,高校生,施錠せず
窃盗,自転車盗,新居浜,中央交番,382051,愛媛県,新居浜市,徳常町,2019-03-06,19,駐車（輪）場,40歳代,高校生,施錠せず
窃盗,自転車盗,新居浜,中央交番,382051,愛媛県,新居浜市,徳常町,2019-04-21,不明,駐車（輪）場,20歳代,その他,施錠せず
窃盗,自転車盗,新居浜,中央交番,382051,愛媛県,新居浜市,中須賀町１丁目,2019-03-09,12,駐車（輪）場,30歳代,その他,施錠せず
窃盗,自転車盗,新居浜,中央交番,382051,愛媛県,新居浜市,中須賀町１丁目,2019-04-06,21,駐車（輪）場,10歳代,その他,施錠せず
窃盗,自転車盗,新居浜,前田交番,382051,愛媛県,新居浜市,江口町,2019-10-27,16,一戸建住宅,70歳以上,その他,施錠せず
窃盗,自転車盗,新居浜,前田交番,382051,愛媛県,新居浜市,河内町,2019-02-01,00,その他,20歳代,その他,施錠せず
窃盗,自転車盗,新居浜,前田交番,382051,愛媛県,新居浜市,河内町,2019-07-24,21,駐車（輪）場,40歳代,その他,施錠せず
窃盗,自転車盗,新居浜,前田交番,382051,愛媛県,新居浜市,新田町３丁目,2019-04-20,08,駐車（輪）場,10歳代,高校生,施錠せず
窃盗,自転車盗,新居浜,前田交番,382051,愛媛県,新居浜市,前田町,2019-04-07,08,駐車（輪）場,30歳代,その他,施錠せず
窃盗,自転車盗,新居浜,前田交番,382051,愛媛県,新居浜市,前田町,2019-07-27,11,駐車（輪）場,10歳代,高校生,施錠せず
窃盗,自転車盗,新居浜,前田交番,382051,愛媛県,新居浜市,前田町,2019-08-25,15,駐車（輪）場,10歳代,高校生,施錠せず
窃盗,自転車盗,新居浜,前田交番,382051,愛媛県,新居浜市,前田町,2019-10-10,19,駐車（輪）場,20歳代,その他,施錠せず
窃盗,自転車盗,新居浜,新居浜駅前交番,382051,愛媛県,新居浜市,久保田町１丁目,2019-02-16,20,その他,10歳代,高校生,施錠せず
窃盗,自転車盗,新居浜,新居浜駅前交番,382051,愛媛県,新居浜市,久保田町１丁目,2019-05-04,15,駐車（輪）場,10歳未満,小学生,施錠せず
窃盗,自転車盗,新居浜,新居浜駅前交番,382051,愛媛県,新居浜市,久保田町１丁目,2019-05-11,12,駐車（輪）場,20歳代,その他,施錠せず
窃盗,自転車盗,新居浜,新居浜駅前交番,382051,愛媛県,新居浜市,久保田町１丁目,2019-07-25,17,駐車（輪）場,30歳代,その他,施錠せず
窃盗,自転車盗,新居浜,新居浜駅前交番,382051,愛媛県,新居浜市,久保田町１丁目,2019-07-27,16,駐車（輪）場,40歳代,その他,施錠せず
窃盗,自転車盗,新居浜,新居浜駅前交番,382051,愛媛県,新居浜市,久保田町３丁目,2019-07-22,00,駐車（輪）場,70歳以上,その他,施錠せず
窃盗,自転車盗,新居浜,新居浜駅前交番,382051,愛媛県,新居浜市,坂井町１丁目,2019-12-01,13,駐車（輪）場,60-64歳,その他,施錠せず
窃盗,自転車盗,新居浜,新居浜駅前交番,382051,愛媛県,新居浜市,坂井町２丁目,2019-02-15,01,駐車（輪）場,30歳代,その他,施錠せず
窃盗,自転車盗,新居浜,新居浜駅前交番,382051,愛媛県,新居浜市,坂井町２丁目,2019-03-01,14,駐車（輪）場,40歳代,その他,施錠せず
窃盗,自転車盗,新居浜,新居浜駅前交番,382051,愛媛県,新居浜市,坂井町２丁目,2019-09-02,10,駐車（輪）場,10歳代,高校生,施錠せず
窃盗,自転車盗,新居浜,新居浜駅前交番,382051,愛媛県,新居浜市,庄内町１丁目,2019-05-26,16,駐車（輪）場,50歳代,その他,施錠せず
窃盗,自転車盗,新居浜,新居浜駅前交番,382051,愛媛県,新居浜市,庄内町３丁目,2019-11-10,20,駐車（輪）場,40歳代,その他,施錠せず
窃盗,自転車盗,新居浜,新居浜駅前交番,382051,愛媛県,新居浜市,八雲町,2019-02-07,17,駐車（輪）場,10歳代,高校生,施錠せず
窃盗,自転車盗,新居浜,新居浜駅前交番,382051,愛媛県,新居浜市,八雲町,2019-02-12,18,駐車（輪）場,10歳代,高校生,施錠せず
窃盗,自転車盗,新居浜,新居浜駅前交番,382051,愛媛県,新居浜市,八雲町,2019-12-13,17,駐車（輪）場,40歳代,その他,施錠せず
窃盗,自転車盗,新居浜,高津交番,382051,愛媛県,新居浜市,桜木町,2019-07-26,09,駐車（輪）場,40歳代,その他,施錠せず
窃盗,自転車盗,新居浜,高津交番,382051,愛媛県,新居浜市,東雲町１丁目,2019-12-11,14,一戸建住宅,70歳以上,その他,施錠せず
窃盗,自転車盗,新居浜,高津交番,382051,愛媛県,新居浜市,高津町,2019-10-10,17,一戸建住宅,70歳以上,その他,施錠せず
窃盗,自転車盗,新居浜,高津交番,382051,愛媛県,新居浜市,八幡１丁目,2019-07-07,15,駐車（輪）場,10歳代,中学生,施錠せず
窃盗,自転車盗,新居浜,高津交番,382051,愛媛県,新居浜市,松木町,2019-07-28,07,道路上,40歳代,その他,施錠せず
窃盗,自転車盗,新居浜,郷駐在所,382051,愛媛県,新居浜市,郷１丁目,2019-03-24,11,駐車（輪）場,30歳代,その他,施錠せず
窃盗,自転車盗,新居浜,郷駐在所,382051,愛媛県,新居浜市,郷５丁目,2019-05-02,18,駐車（輪）場,65-69歳,その他,施錠せず
窃盗,自転車盗,新居浜,多喜浜駐在所,382051,愛媛県,新居浜市,又野１丁目,2019-08-04,07,駐車（輪）場,10歳代,高校生,施錠せず
窃盗,自転車盗,新居浜,角野交番,382051,愛媛県,新居浜市,上泉町,2019-06-21,19,駐車（輪）場,60-64歳,その他,施錠せず
窃盗,自転車盗,新居浜,角野交番,382051,愛媛県,新居浜市,上泉町,2019-08-04,05,駐車（輪）場,40歳代,その他,施錠せず
窃盗,自転車盗,新居浜,角野交番,382051,愛媛県,新居浜市,中筋町１丁目,2019-12-01,12,その他,20歳代,その他,施錠せず
窃盗,自転車盗,新居浜,角野交番,382051,愛媛県,新居浜市,中萩町,2019-06-22,21,駐車（輪）場,50歳代,その他,施錠せず
窃盗,自転車盗,新居浜,角野交番,382051,愛媛県,新居浜市,中村２丁目,2019-09-28,10,一戸建住宅,10歳代,高校生,施錠せず
窃盗,自転車盗,新居浜,角野交番,382051,愛媛県,新居浜市,松原町,2019-06-30,18,駐車（輪）場,20歳代,その他,施錠せず
窃盗,自転車盗,新居浜,角野交番,382051,愛媛県,新居浜市,吉岡町,2019-06-06,13,その他,70歳以上,その他,施錠せず
窃盗,自転車盗,新居浜,山根駐在所,382051,愛媛県,新居浜市,篠場町,2019-09-08,18,駐車（輪）場,10歳代,高校生,施錠せず
窃盗,自転車盗,新居浜,山根駐在所,382051,愛媛県,新居浜市,新田町３丁目,2019-09-09,17,駐車（輪）場,10歳代,高校生,施錠せず
窃盗,自転車盗,新居浜,山根駐在所,382051,愛媛県,新居浜市,中筋町２丁目,2019-11-21,22,駐車（輪）場,40歳代,その他,施錠せず
窃盗,自転車盗,新居浜,山根駐在所,382051,愛媛県,新居浜市,中村３丁目,2019-03-27,19,その他,10歳代,小学生,施錠せず
窃盗,自転車盗,新居浜,船木駐在所,382051,愛媛県,新居浜市,船木,2019-07-07,00,駐車（輪）場,50歳代,その他,施錠せず
窃盗,自転車盗,新居浜,船木駐在所,382051,愛媛県,新居浜市,船木,2019-12-15,18,道路上,10歳代,高校生,施錠せず
窃盗,自転車盗,新居浜,大生院駐在所,382051,愛媛県,新居浜市,大生院,2019-07-11,07,駐車（輪）場,10歳代,高校生,施錠せず
窃盗,自転車盗,新居浜,大生院駐在所,382051,愛媛県,新居浜市,萩生,2019-07-30,18,駐車（輪）場,10歳代,小学生,施錠せず
窃盗,自転車盗,新居浜,大生院駐在所,382051,愛媛県,新居浜市,萩生,2019-09-30,17,駐車（輪）場,10歳代,小学生,施錠せず
窃盗,自転車盗,西条,三本松交番,382060,愛媛県,西条市,,2019-04-04,15,駐車（輪）場,20歳代,その他,施錠せず
窃盗,自転車盗,西条,三本松交番,382060,愛媛県,西条市,大町,2019-06-01,不明,道路上,20歳代,その他,施錠せず
窃盗,自転車盗,西条,三本松交番,382060,愛媛県,西条市,神拝乙,2019-06-15,07,駐車（輪）場,20歳代,その他,施錠せず
窃盗,自転車盗,西条,三本松交番,382060,愛媛県,西条市,神拝乙,2019-07-26,09,一戸建住宅,20歳代,その他,施錠せず
窃盗,自転車盗,西条,三本松交番,382060,愛媛県,西条市,神拝甲,2019-01-10,21,駐車（輪）場,10歳代,小学生,施錠せず
窃盗,自転車盗,西条,三本松交番,382060,愛媛県,西条市,神拝甲,2019-05-01,18,駐車（輪）場,40歳代,その他,施錠せず
窃盗,自転車盗,西条,三本松交番,382060,愛媛県,西条市,神拝甲,2019-09-13,10,駐車（輪）場,70歳以上,その他,施錠せず
窃盗,自転車盗,西条,三本松交番,382060,愛媛県,西条市,新田,2019-10-27,11,駐車（輪）場,70歳以上,その他,施錠せず
窃盗,自転車盗,西条,三本松交番,382060,愛媛県,西条市,樋之口,2019-06-06,07,駐車（輪）場,60-64歳,その他,施錠せず
窃盗,自転車盗,西条,三本松交番,382060,愛媛県,西条市,樋之口,2019-10-15,16,駐車（輪）場,10歳代,高校生,施錠せず
窃盗,自転車盗,西条,三本松交番,382060,愛媛県,西条市,古川甲,2019-12-07,22,駐車（輪）場,10歳代,高校生,施錠せず
窃盗,自転車盗,西条,駅前交番,382060,愛媛県,西条市,大町,2017-07-18,18,駐車（輪）場,10歳代,高校生,施錠せず
窃盗,自転車盗,西条,駅前交番,382060,愛媛県,西条市,大町,2019-01-13,17,駐車（輪）場,10歳代,中学生,施錠せず
窃盗,自転車盗,西条,駅前交番,382060,愛媛県,西条市,大町,2019-02-16,19,駐車（輪）場,10歳代,その他,施錠せず
窃盗,自転車盗,西条,駅前交番,382060,愛媛県,西条市,大町,2019-03-30,17,一戸建住宅,70歳以上,その他,施錠せず
窃盗,自転車盗,西条,駅前交番,382060,愛媛県,西条市,大町,2019-04-23,18,駐車（輪）場,20歳代,その他,施錠せず
窃盗,自転車盗,西条,駅前交番,382060,愛媛県,西条市,大町,2019-05-03,17,駐車（輪）場,30歳代,その他,施錠せず
窃盗,自転車盗,西条,駅前交番,382060,愛媛県,西条市,大町,2019-05-24,18,駐車（輪）場,30歳代,その他,施錠せず
窃盗,自転車盗,西条,駅前交番,382060,愛媛県,西条市,大町,2019-07-12,15,駐車（輪）場,30歳代,その他,施錠せず
窃盗,自転車盗,西条,駅前交番,382060,愛媛県,西条市,大町,2019-07-13,08,駐車（輪）場,30歳代,その他,施錠せず
窃盗,自転車盗,西条,駅前交番,382060,愛媛県,西条市,大町,2019-09-09,18,駐車（輪）場,10歳代,高校生,施錠せず
窃盗,自転車盗,西条,駅前交番,382060,愛媛県,西条市,大町,2019-10-02,17,一戸建住宅,10歳未満,小学生,施錠せず
窃盗,自転車盗,西条,駅前交番,382060,愛媛県,西条市,大町,2019-10-04,18,駐車（輪）場,10歳代,高校生,施錠せず
窃盗,自転車盗,西条,駅前交番,382060,愛媛県,西条市,朔日市,2019-02-04,06,駐車（輪）場,20歳代,その他,施錠せず
窃盗,自転車盗,西条,玉津駐在所,382060,愛媛県,西条市,大町,2019-08-13,21,駐車（輪）場,40歳代,その他,施錠せず
窃盗,自転車盗,西条,玉津駐在所,382060,愛媛県,西条市,玉津,2019-04-27,14,駐車（輪）場,10歳代,高校生,施錠せず
窃盗,自転車盗,西条,玉津駐在所,382060,愛媛県,西条市,ひうち,2018-01-15,00,駐車（輪）場,法人・団体、被害者なし,法人・団体、被害者なし,施錠せず
窃盗,自転車盗,西条,飯岡駐在所,382060,愛媛県,西条市,飯岡,2019-01-20,14,駐車（輪）場,10歳代,小学生,施錠せず
窃盗,自転車盗,西条,氷見駐在所,382060,愛媛県,西条市,西田甲,2019-07-19,07,駐車（輪）場,10歳代,中学生,施錠せず
窃盗,自転車盗,西条,氷見駐在所,382060,愛媛県,西条市,氷見乙,2019-03-27,07,その他,10歳代,高校生,施錠せず
窃盗,自転車盗,西条,氷見駐在所,382060,愛媛県,西条市,氷見乙,2019-06-28,07,駐車（輪）場,10歳代,中学生,施錠せず
窃盗,自転車盗,西条,氷見駐在所,382060,愛媛県,西条市,古川乙,2019-03-10,07,一戸建住宅,70歳以上,その他,施錠せず
窃盗,自転車盗,西条西,駅前交番,382060,愛媛県,西条市,上市,2019-10-26,14,一戸建住宅,70歳以上,その他,施錠せず
窃盗,自転車盗,西条西,駅前交番,382060,愛媛県,西条市,喜多台,2019-01-18,07,駐車（輪）場,20歳代,その他,施錠せず
窃盗,自転車盗,西条西,駅前交番,382060,愛媛県,西条市,壬生川,2019-07-25,07,駐車（輪）場,10歳代,高校生,施錠せず
窃盗,自転車盗,西条西,駅前交番,382060,愛媛県,西条市,三津屋,2018-12-29,14,駐車（輪）場,20歳代,その他,施錠せず
窃盗,自転車盗,西条西,駅前交番,382060,愛媛県,西条市,三津屋,2019-01-09,06,駐車（輪）場,10歳代,高校生,施錠せず
窃盗,自転車盗,西条西,駅前交番,382060,愛媛県,西条市,三津屋,2019-04-06,07,駐車（輪）場,10歳代,高校生,施錠せず
窃盗,自転車盗,西条西,駅前交番,382060,愛媛県,西条市,三津屋,2019-12-07,00,駐車（輪）場,10歳代,高校生,施錠せず
窃盗,自転車盗,西条西,駅前交番,382060,愛媛県,西条市,三津屋南,2019-01-30,18,駐車（輪）場,20歳代,その他,施錠せず
窃盗,自転車盗,西条西,駅前交番,382060,愛媛県,西条市,三津屋南,2019-04-25,07,駐車（輪）場,10歳代,高校生,施錠せず
窃盗,自転車盗,西条西,駅前交番,382060,愛媛県,西条市,三津屋南,2019-10-24,07,駐車（輪）場,10歳代,その他,施錠せず
窃盗,自転車盗,西条西,新町駐在所,382060,愛媛県,西条市,新町,2019-08-19,07,駐車（輪）場,10歳代,高校生,施錠せず
窃盗,自転車盗,西条西,三芳駐在所,382060,愛媛県,西条市,三芳,2018-12-20,17,一戸建住宅,60-64歳,その他,施錠せず
窃盗,自転車盗,西条西,三芳駐在所,382060,愛媛県,西条市,三芳,2019-10-09,07,駐車（輪）場,10歳代,高校生,施錠せず
窃盗,自転車盗,西条西,小松駐在所,382060,愛媛県,西条市,,2019-12-03,07,駐車（輪）場,10歳代,高校生,施錠せず
窃盗,自転車盗,西条西,小松駐在所,382060,愛媛県,西条市,小松町新屋敷,2019-02-05,07,駐車（輪）場,10歳代,高校生,施錠せず
窃盗,自転車盗,西条西,小松駐在所,382060,愛媛県,西条市,小松町新屋敷,2019-02-19,08,駐車（輪）場,10歳代,高校生,施錠せず
窃盗,自転車盗,西条西,小松駐在所,382060,愛媛県,西条市,小松町新屋敷,2019-03-16,07,その他,10歳代,高校生,施錠せず
窃盗,自転車盗,西条西,小松駐在所,382060,愛媛県,西条市,小松町新屋敷,2019-05-05,10,駐車（輪）場,20歳代,その他,施錠せず
窃盗,自転車盗,西条西,小松駐在所,382060,愛媛県,西条市,小松町新屋敷,2019-08-01,11,駐車（輪）場,10歳代,その他,施錠せず
窃盗,自転車盗,西条西,小松駐在所,382060,愛媛県,西条市,小松町新屋敷,2019-09-26,07,駐車（輪）場,10歳代,高校生,施錠せず
窃盗,自転車盗,西条西,小松駐在所,382060,愛媛県,西条市,小松町新屋敷,2019-12-13,08,駐車（輪）場,10歳代,高校生,施錠せず
窃盗,自転車盗,西条西,丹原駐在所,382060,愛媛県,西条市,三津屋,2019-08-01,08,駐車（輪）場,10歳代,中学生,施錠せず
窃盗,自転車盗,西条西,中川駐在所,382060,愛媛県,西条市,丹原町来見,2019-05-30,10,一戸建住宅,10歳代,大学生,施錠せず
窃盗,自転車盗,今治,水上交番,382027,愛媛県,今治市,旭町１丁目,2019-07-07,16,駐車（輪）場,30歳代,その他,施錠せず
窃盗,自転車盗,今治,水上交番,382027,愛媛県,今治市,北宝来町１丁目,2019-02-25,07,駐車（輪）場,20歳代,その他,施錠せず
窃盗,自転車盗,今治,水上交番,382027,愛媛県,今治市,北宝来町１丁目,2019-04-13,06,駐車（輪）場,20歳代,大学生,施錠せず
窃盗,自転車盗,今治,水上交番,382027,愛媛県,今治市,北宝来町１丁目,2019-10-18,00,その他,30歳代,その他,施錠せず
窃盗,自転車盗,今治,水上交番,382027,愛媛県,今治市,末広町１丁目,2019-12-15,01,道路上,70歳以上,その他,施錠せず
窃盗,自転車盗,今治,水上交番,382027,愛媛県,今治市,大正町１丁目,2019-05-17,12,駐車（輪）場,10歳代,その他,施錠せず
窃盗,自転車盗,今治,水上交番,382027,愛媛県,今治市,東鳥生町４丁目,2019-10-08,10,駐車（輪）場,50歳代,その他,施錠せず
窃盗,自転車盗,今治,駅前交番,382027,愛媛県,今治市,泉川町１丁目,2019-01-14,13,その他,法人・団体、被害者なし,法人・団体、被害者なし,施錠せず
窃盗,自転車盗,今治,駅前交番,382027,愛媛県,今治市,北日吉町１丁目,2019-08-02,16,駐車（輪）場,10歳代,その他,施錠せず
窃盗,自転車盗,今治,駅前交番,382027,愛媛県,今治市,北日吉町２丁目,2019-06-15,09,駐車（輪）場,40歳代,その他,施錠せず
窃盗,自転車盗,今治,駅前交番,382027,愛媛県,今治市,北日吉町２丁目,2019-11-22,17,駐車（輪）場,10歳代,大学生,施錠せず
窃盗,自転車盗,今治,駅前交番,382027,愛媛県,今治市,北日吉町３丁目,2019-05-31,00,その他の住宅（３階建て以下共同住宅等）,10歳代,中学生,施錠せず
窃盗,自転車盗,今治,駅前交番,382027,愛媛県,今治市,,2019-08-03,16,その他,10歳代,高校生,施錠せず
窃盗,自転車盗,今治,駅前交番,382027,愛媛県,今治市,北宝来町１丁目,2018-05-01,09,駐車（輪）場,20歳代,その他,施錠せず
窃盗,自転車盗,今治,駅前交番,382027,愛媛県,今治市,北宝来町１丁目,2019-01-19,12,駐車（輪）場,10歳代,高校生,施錠せず
窃盗,自転車盗,今治,駅前交番,382027,愛媛県,今治市,北宝来町１丁目,2019-04-16,16,駐車（輪）場,50歳代,その他,施錠せず
窃盗,自転車盗,今治,駅前交番,382027,愛媛県,今治市,北宝来町１丁目,2019-06-01,07,駐車（輪）場,10歳代,高校生,施錠せず
窃盗,自転車盗,今治,駅前交番,382027,愛媛県,今治市,北宝来町１丁目,2019-09-15,10,駐車（輪）場,10歳代,大学生,施錠せず
窃盗,自転車盗,今治,駅前交番,382027,愛媛県,今治市,北宝来町１丁目,2019-10-11,22,その他,10歳代,高校生,施錠せず
窃盗,自転車盗,今治,駅前交番,382027,愛媛県,今治市,北宝来町１丁目,2019-10-25,08,駐車（輪）場,10歳代,高校生,施錠せず
窃盗,自転車盗,今治,駅前交番,382027,愛媛県,今治市,北宝来町２丁目,2019-02-09,08,駐車（輪）場,20歳代,その他,施錠せず
窃盗,自転車盗,今治,駅前交番,382027,愛媛県,今治市,北宝来町２丁目,2019-12-21,09,駐車（輪）場,20歳代,その他,施錠せず
窃盗,自転車盗,今治,駅前交番,382027,愛媛県,今治市,中日吉町３丁目,2019-07-24,18,駐車（輪）場,10歳代,高校生,施錠せず
窃盗,自転車盗,今治,駅前交番,382027,愛媛県,今治市,中日吉町３丁目,2019-08-04,06,駐車（輪）場,10歳代,高校生,施錠せず
窃盗,自転車盗,今治,駅前交番,382027,愛媛県,今治市,別宮町１丁目,2019-06-10,12,駐車（輪）場,40歳代,その他,施錠せず
窃盗,自転車盗,今治,旭町交番,382027,愛媛県,今治市,土橋町１丁目,2019-05-03,17,駐車（輪）場,10歳代,高校生,施錠せず
窃盗,自転車盗,今治,旭町交番,382027,愛媛県,今治市,土橋町１丁目,2019-09-05,07,一戸建住宅,40歳代,その他,施錠せず
窃盗,自転車盗,今治,旭町交番,382027,愛媛県,今治市,東鳥生町４丁目,2019-04-30,16,その他,50歳代,その他,施錠せず
窃盗,自転車盗,今治,旭町交番,382027,愛媛県,今治市,南高下町３丁目,2019-01-05,20,その他,30歳代,その他,施錠せず
窃盗,自転車盗,今治,旭町交番,382027,愛媛県,今治市,南鳥生町３丁目,2019-09-09,22,駐車（輪）場,10歳代,その他,施錠せず
窃盗,自転車盗,今治,旭町交番,382027,愛媛県,今治市,南鳥生町４丁目,2019-06-07,07,一戸建住宅,40歳代,その他,施錠せず
窃盗,自転車盗,今治,近見駐在所,382027,愛媛県,今治市,石井町１丁目,2019-04-15,03,駐車（輪）場,40歳代,その他,施錠せず
窃盗,自転車盗,今治,近見駐在所,382027,愛媛県,今治市,石井町２丁目,2019-06-23,21,駐車（輪）場,10歳代,高校生,施錠せず
窃盗,自転車盗,今治,近見駐在所,382027,愛媛県,今治市,北高下町２丁目,2019-03-22,09,駐車（輪）場,70歳以上,その他,施錠せず
窃盗,自転車盗,今治,波止浜駐在所,382027,愛媛県,今治市,高部,2019-01-01,08,駐車（輪）場,30歳代,その他,施錠せず
窃盗,自転車盗,今治,波止浜駐在所,382027,愛媛県,今治市,高部,2019-01-18,16,駐車（輪）場,10歳代,大学生,施錠せず
窃盗,自転車盗,今治,波止浜駐在所,382027,愛媛県,今治市,高部,2019-02-11,12,駐車（輪）場,10歳代,高校生,施錠せず
窃盗,自転車盗,今治,波止浜駐在所,382027,愛媛県,今治市,高部,2019-07-01,07,駐車（輪）場,20歳代,大学生,施錠せず
窃盗,自転車盗,今治,波止浜駐在所,382027,愛媛県,今治市,中堀４丁目,2019-06-23,13,その他の住宅（３階建て以下共同住宅等）,50歳代,その他,施錠せず
窃盗,自転車盗,今治,富田駐在所,382027,愛媛県,今治市,上徳,2019-01-04,08,駐車（輪）場,20歳代,その他,施錠せず
窃盗,自転車盗,今治,富田駐在所,382027,愛媛県,今治市,上徳,2019-02-15,07,駐車（輪）場,10歳代,高校生,施錠せず
窃盗,自転車盗,今治,富田駐在所,382027,愛媛県,今治市,上徳,2019-02-16,08,その他,10歳代,高校生,施錠せず
窃盗,自転車盗,今治,富田駐在所,382027,愛媛県,今治市,上徳,2019-04-13,07,一戸建住宅,10歳代,高校生,施錠せず
窃盗,自転車盗,今治,富田駐在所,382027,愛媛県,今治市,上徳,2019-06-14,06,駐車（輪）場,10歳代,その他,施錠せず
窃盗,自転車盗,今治,富田駐在所,382027,愛媛県,今治市,上徳,2019-07-06,07,駐車（輪）場,20歳代,その他,施錠せず
窃盗,自転車盗,今治,富田駐在所,382027,愛媛県,今治市,上徳,2019-11-02,19,駐車（輪）場,10歳代,その他,施錠せず
窃盗,自転車盗,今治,富田駐在所,382027,愛媛県,今治市,上徳,2019-12-09,07,駐車（輪）場,10歳代,大学生,施錠せず
窃盗,自転車盗,今治,富田駐在所,382027,愛媛県,今治市,北宝来町１丁目,2019-07-21,08,その他,10歳代,中学生,施錠せず
窃盗,自転車盗,今治,富田駐在所,382027,愛媛県,今治市,喜田村２丁目,2019-08-26,15,その他,70歳以上,その他,施錠せず
窃盗,自転車盗,今治,富田駐在所,382027,愛媛県,今治市,喜田村３丁目,2019-01-05,12,その他,10歳代,高校生,施錠せず
窃盗,自転車盗,今治,富田駐在所,382027,愛媛県,今治市,松木,2019-06-24,20,駐車（輪）場,40歳代,その他,施錠せず
窃盗,自転車盗,今治,富田駐在所,382027,愛媛県,今治市,松木,2019-10-28,07,その他,10歳代,中学生,施錠せず
窃盗,自転車盗,今治,桜井駐在所,382027,愛媛県,今治市,郷桜井２丁目,2019-01-09,12,駐車（輪）場,20歳代,大学生,施錠せず
窃盗,自転車盗,今治,桜井駐在所,382027,愛媛県,今治市,郷桜井２丁目,2019-01-15,17,その他,10歳代,高校生,施錠せず
窃盗,自転車盗,今治,大西駐在所,382027,愛媛県,今治市,大西町新町,2019-08-08,07,駐車（輪）場,10歳代,その他,施錠せず
窃盗,自転車盗,今治,大西駐在所,382027,愛媛県,今治市,大西町新町,2019-10-15,07,駐車（輪）場,20歳代,その他,施錠せず
窃盗,自転車盗,今治,菊間駐在所,382027,愛媛県,今治市,中日吉町２丁目,2019-06-01,18,その他,10歳代,高校生,施錠せず
窃盗,自転車盗,今治,菊間駐在所,382027,愛媛県,今治市,菊間町浜,2019-12-10,07,駐車（輪）場,10歳代,高校生,施錠せず
窃盗,自転車盗,今治,唐子台駐在所,382027,愛媛県,今治市,東村南１丁目,2019-12-09,18,駐車（輪）場,30歳代,その他,施錠せず
窃盗,自転車盗,伯方,弓削駐在所,383562,愛媛県,上島町,弓削下弓削,2019-03-15,08,一戸建住宅,70歳以上,その他,施錠せず
窃盗,自転車盗,伯方,弓削駐在所,383562,愛媛県,上島町,弓削日比,2019-10-18,13,駐車（輪）場,20歳代,その他,施錠せず
窃盗,自転車盗,伯方,生名駐在所,383562,愛媛県,上島町,生名,2019-06-22,12,駐車（輪）場,10歳代,高校生,施錠せず
窃盗,自転車盗,伯方,生名駐在所,383562,愛媛県,上島町,生名,2019-12-12,06,駐車（輪）場,30歳代,その他,施錠せず
窃盗,自転車盗,伯方,宗方駐在所,382027,愛媛県,今治市,上浦町盛,2019-04-06,08,道路上,10歳代,高校生,施錠せず
窃盗,自転車盗,松山東,,382019,愛媛県,松山市,湊町５丁目,2019-10-05,13,道路上,20歳代,その他,施錠せず
窃盗,自転車盗,松山東,一番町交番,382019,愛媛県,松山市,,2019-08-06,16,４階建て以上共同住宅,10歳代,大学生,施錠せず
窃盗,自転車盗,松山東,一番町交番,382019,愛媛県,松山市,一番町１丁目,2018-12-25,18,道路上,50歳代,その他,施錠せず
窃盗,自転車盗,松山東,一番町交番,382019,愛媛県,松山市,一番町１丁目,2019-09-05,18,道路上,60-64歳,その他,施錠せず
窃盗,自転車盗,松山東,一番町交番,382019,愛媛県,松山市,一番町１丁目,2019-11-13,18,道路上,70歳以上,大学生,施錠せず
窃盗,自転車盗,松山東,一番町交番,382019,愛媛県,松山市,一番町１丁目,2019-11-27,19,道路上,20歳代,大学生,施錠せず
窃盗,自転車盗,松山東,一番町交番,382019,愛媛県,松山市,一番町２丁目,2019-04-01,19,道路上,65-69歳,その他,施錠せず
窃盗,自転車盗,松山東,一番町交番,382019,愛媛県,松山市,一番町２丁目,2019-04-26,20,道路上,10歳代,大学生,施錠せず
窃盗,自転車盗,松山東,一番町交番,382019,愛媛県,松山市,一番町２丁目,2019-10-30,22,道路上,10歳代,大学生,施錠せず
窃盗,自転車盗,松山東,一番町交番,382019,愛媛県,松山市,一番町２丁目,2019-11-01,23,道路上,20歳代,大学生,施錠せず
窃盗,自転車盗,松山東,一番町交番,382019,愛媛県,松山市,一番町３丁目,2019-07-28,00,駐車（輪）場,20歳代,大学生,施錠せず
窃盗,自転車盗,松山東,一番町交番,382019,愛媛県,松山市,一番町４丁目,2019-02-08,19,駐車（輪）場,40歳代,その他,施錠せず
窃盗,自転車盗,松山東,一番町交番,382019,愛媛県,松山市,大街道２丁目,2018-12-30,19,駐車（輪）場,10歳代,大学生,施錠せず
窃盗,自転車盗,松山東,一番町交番,382019,愛媛県,松山市,大街道２丁目,2019-01-12,21,その他,20歳代,大学生,施錠せず
窃盗,自転車盗,松山東,一番町交番,382019,愛媛県,松山市,大街道２丁目,2019-02-06,02,駐車（輪）場,20歳代,大学生,施錠せず
窃盗,自転車盗,松山東,一番町交番,382019,愛媛県,松山市,大街道２丁目,2019-02-09,22,道路上,10歳代,大学生,施錠せず
窃盗,自転車盗,松山東,一番町交番,382019,愛媛県,松山市,大街道２丁目,2019-04-03,22,道路上,20歳代,大学生,施錠せず
窃盗,自転車盗,松山東,一番町交番,382019,愛媛県,松山市,大街道２丁目,2019-04-12,23,道路上,20歳代,大学生,施錠せず
窃盗,自転車盗,松山東,一番町交番,382019,愛媛県,松山市,大街道２丁目,2019-05-20,22,道路上,10歳代,大学生,施錠せず
窃盗,自転車盗,松山東,一番町交番,382019,愛媛県,松山市,大街道２丁目,2019-06-23,00,道路上,20歳代,大学生,施錠せず
窃盗,自転車盗,松山東,一番町交番,382019,愛媛県,松山市,大街道２丁目,2019-06-30,21,道路上,20歳代,大学生,施錠せず
窃盗,自転車盗,松山東,一番町交番,382019,愛媛県,松山市,大街道２丁目,2019-07-05,13,駐車（輪）場,20歳代,大学生,施錠せず
窃盗,自転車盗,松山東,一番町交番,382019,愛媛県,松山市,大街道２丁目,2019-07-05,19,駐車（輪）場,20歳代,大学生,施錠せず
窃盗,自転車盗,松山東,一番町交番,382019,愛媛県,松山市,大街道２丁目,2019-07-27,19,駐車（輪）場,20歳代,大学生,施錠せず
窃盗,自転車盗,松山東,一番町交番,382019,愛媛県,松山市,大街道２丁目,2019-07-27,22,駐車（輪）場,20歳代,その他,施錠せず
窃盗,自転車盗,松山東,一番町交番,382019,愛媛県,松山市,大街道２丁目,2019-07-31,01,駐車（輪）場,20歳代,大学生,施錠せず
窃盗,自転車盗,松山東,一番町交番,382019,愛媛県,松山市,大街道２丁目,2019-08-18,21,道路上,10歳代,大学生,施錠せず
窃盗,自転車盗,松山東,一番町交番,382019,愛媛県,松山市,大街道２丁目,2019-08-29,22,道路上,20歳代,大学生,施錠せず
窃盗,自転車盗,松山東,一番町交番,382019,愛媛県,松山市,大街道２丁目,2019-09-08,00,道路上,10歳代,大学生,施錠せず
窃盗,自転車盗,松山東,一番町交番,382019,愛媛県,松山市,大街道２丁目,2019-11-15,18,道路上,20歳代,その他,施錠せず
窃盗,自転車盗,松山東,一番町交番,382019,愛媛県,松山市,大街道２丁目,2019-12-04,21,道路上,20歳代,その他,施錠せず
窃盗,自転車盗,松山東,一番町交番,382019,愛媛県,松山市,大街道２丁目,2019-12-06,22,道路上,10歳代,大学生,施錠せず
窃盗,自転車盗,松山東,一番町交番,382019,愛媛県,松山市,大街道２丁目,2019-12-24,04,駐車（輪）場,20歳代,大学生,施錠せず
窃盗,自転車盗,松山東,一番町交番,382019,愛媛県,松山市,大街道３丁目,2019-10-23,20,駐車（輪）場,20歳代,その他,施錠せず
窃盗,自転車盗,松山東,一番町交番,382019,愛媛県,松山市,大街道３丁目,2019-12-03,22,道路上,20歳代,その他,施錠せず
窃盗,自転車盗,松山東,一番町交番,382019,愛媛県,松山市,大街道３丁目,2019-12-06,17,道路上,20歳代,大学生,施錠せず
窃盗,自転車盗,松山東,一番町交番,382019,愛媛県,松山市,歩行町２丁目,2019-03-15,09,４階建て以上共同住宅,40歳代,その他,施錠せず
窃盗,自転車盗,松山東,一番町交番,382019,愛媛県,松山市,勝山町１丁目,2019-06-22,19,一戸建住宅,70歳以上,その他,施錠せず
窃盗,自転車盗,松山東,一番町交番,382019,愛媛県,松山市,勝山町２丁目,2019-01-25,22,駐車（輪）場,10歳代,中学生,施錠せず
窃盗,自転車盗,松山東,一番町交番,382019,愛媛県,松山市,勝山町２丁目,2019-02-15,不明,道路上,40歳代,その他,施錠せず
窃盗,自転車盗,松山東,一番町交番,382019,愛媛県,松山市,勝山町２丁目,2019-03-20,18,駐車（輪）場,20歳代,大学生,施錠せず
窃盗,自転車盗,松山東,一番町交番,382019,愛媛県,松山市,喜与町１丁目,2019-04-09,21,４階建て以上共同住宅,20歳代,大学生,施錠せず
窃盗,自転車盗,松山東,一番町交番,382019,愛媛県,松山市,喜与町１丁目,2019-07-22,21,駐車（輪）場,20歳代,大学生,施錠せず
窃盗,自転車盗,松山東,一番町交番,382019,愛媛県,松山市,喜与町１丁目,2019-12-17,02,駐車（輪）場,20歳代,大学生,施錠せず
窃盗,自転車盗,松山東,一番町交番,382019,愛媛県,松山市,東雲町,2019-02-28,23,駐車（輪）場,30歳代,その他,施錠せず
窃盗,自転車盗,松山東,一番町交番,382019,愛媛県,松山市,中一万町,2019-08-15,07,駐車（輪）場,20歳代,その他,施錠せず
窃盗,自転車盗,松山東,一番町交番,382019,愛媛県,松山市,西一万町,2019-03-01,01,４階建て以上共同住宅,20歳代,その他,施錠せず
窃盗,自転車盗,松山東,一番町交番,382019,愛媛県,松山市,西一万町,2019-05-15,00,駐車（輪）場,20歳代,大学生,施錠せず
窃盗,自転車盗,松山東,一番町交番,382019,愛媛県,松山市,西一万町,2019-06-03,18,駐車（輪）場,10歳代,大学生,施錠せず
窃盗,自転車盗,松山東,一番町交番,382019,愛媛県,松山市,二番町１丁目,2019-02-21,20,道路上,30歳代,その他,施錠せず
窃盗,自転車盗,松山東,一番町交番,382019,愛媛県,松山市,二番町１丁目,2019-03-23,21,道路上,20歳代,大学生,施錠せず
窃盗,自転車盗,松山東,一番町交番,382019,愛媛県,松山市,二番町１丁目,2019-06-01,03,道路上,20歳代,大学生,施錠せず
窃盗,自転車盗,松山東,一番町交番,382019,愛媛県,松山市,二番町１丁目,2019-08-09,22,駐車（輪）場,10歳代,大学生,施錠せず
窃盗,自転車盗,松山東,一番町交番,382019,愛媛県,松山市,二番町２丁目,2019-01-08,19,道路上,10歳代,大学生,施錠せず
窃盗,自転車盗,松山東,一番町交番,382019,愛媛県,松山市,二番町２丁目,2019-07-05,20,道路上,30歳代,その他,施錠せず
窃盗,自転車盗,松山東,一番町交番,382019,愛媛県,松山市,二番町２丁目,2019-07-09,08,道路上,60-64歳,その他,施錠せず
窃盗,自転車盗,松山東,一番町交番,382019,愛媛県,松山市,二番町２丁目,2019-09-05,03,道路上,10歳代,大学生,施錠せず
窃盗,自転車盗,松山東,一番町交番,382019,愛媛県,松山市,二番町２丁目,2019-09-05,08,道路上,20歳代,その他,施錠せず
窃盗,自転車盗,松山東,一番町交番,382019,愛媛県,松山市,二番町２丁目,2019-10-04,19,道路上,65-69歳,その他,施錠せず
窃盗,自転車盗,松山東,一番町交番,382019,愛媛県,松山市,二番町２丁目,2019-12-08,01,道路上,20歳代,大学生,施錠せず
窃盗,自転車盗,松山東,一番町交番,382019,愛媛県,松山市,二番町２丁目,2019-12-15,05,道路上,20歳代,大学生,施錠せず
窃盗,自転車盗,松山東,一番町交番,382019,愛媛県,松山市,二番町２丁目,2019-12-21,01,道路上,20歳代,大学生,施錠せず
窃盗,自転車盗,松山東,一番町交番,382019,愛媛県,松山市,二番町３丁目,2019-04-30,17,駐車（輪）場,20歳代,その他,施錠せず
窃盗,自転車盗,松山東,一番町交番,382019,愛媛県,松山市,二番町３丁目,2019-07-11,21,道路上,10歳代,高校生,施錠せず
窃盗,自転車盗,松山東,一番町交番,382019,愛媛県,松山市,二番町３丁目,2019-07-19,12,道路上,10歳代,高校生,施錠せず
窃盗,自転車盗,松山東,一番町交番,382019,愛媛県,松山市,二番町３丁目,2019-08-10,15,道路上,10歳代,大学生,施錠せず
窃盗,自転車盗,松山東,一番町交番,382019,愛媛県,松山市,二番町３丁目,2019-09-07,23,道路上,20歳代,大学生,施錠せず
窃盗,自転車盗,松山東,一番町交番,382019,愛媛県,松山市,二番町３丁目,2019-11-08,21,道路上,10歳代,大学生,施錠せず
窃盗,自転車盗,松山東,一番町交番,382019,愛媛県,松山市,二番町４丁目,2019-05-22,08,駐車（輪）場,60-64歳,その他,施錠せず
窃盗,自転車盗,松山東,一番町交番,382019,愛媛県,松山市,平和通１丁目,2019-03-07,01,その他,40歳代,その他,施錠せず
窃盗,自転車盗,松山東,一番町交番,382019,愛媛県,松山市,平和通１丁目,2019-06-27,19,駐車（輪）場,20歳代,大学生,施錠せず
窃盗,自転車盗,松山東,一番町交番,382019,愛媛県,松山市,平和通１丁目,2019-06-30,13,駐車（輪）場,20歳代,大学生,施錠せず
窃盗,自転車盗,松山東,一番町交番,382019,愛媛県,松山市,平和通２丁目,2019-06-27,02,駐車（輪）場,20歳代,大学生,施錠せず
窃盗,自転車盗,松山東,一番町交番,382019,愛媛県,松山市,平和通３丁目,2019-08-24,16,その他の住宅（３階建て以下共同住宅等）,20歳代,大学生,施錠せず
窃盗,自転車盗,松山東,一番町交番,382019,愛媛県,松山市,平和通３丁目,2019-10-12,20,４階建て以上共同住宅,10歳代,大学生,施錠せず
窃盗,自転車盗,松山東,一番町交番,382019,愛媛県,松山市,堀之内,2019-02-17,09,駐車（輪）場,10歳代,高校生,施錠せず
窃盗,自転車盗,松山東,一番町交番,382019,愛媛県,松山市,堀之内,2019-04-07,12,駐車（輪）場,10歳代,中学生,施錠せず
窃盗,自転車盗,松山東,一番町交番,382019,愛媛県,松山市,丸之内,2019-08-03,19,道路上,20歳代,その他,施錠せず
窃盗,自転車盗,松山東,一番町交番,382019,愛媛県,松山市,緑町１丁目,2019-02-01,21,駐車（輪）場,10歳代,大学生,施錠せず
窃盗,自転車盗,松山東,一番町交番,382019,愛媛県,松山市,緑町１丁目,2019-02-09,15,駐車（輪）場,20歳代,大学生,施錠せず
窃盗,自転車盗,松山東,一番町交番,382019,愛媛県,松山市,緑町１丁目,2019-05-21,15,駐車（輪）場,20歳代,大学生,施錠せず
窃盗,自転車盗,松山東,一番町交番,382019,愛媛県,松山市,緑町１丁目,2019-06-05,21,４階建て以上共同住宅,20歳代,大学生,施錠せず
窃盗,自転車盗,松山東,一番町交番,382019,愛媛県,松山市,緑町１丁目,2019-06-30,22,駐車（輪）場,20歳代,大学生,施錠せず
窃盗,自転車盗,松山東,一番町交番,382019,愛媛県,松山市,緑町１丁目,2019-08-30,12,駐車（輪）場,20歳代,大学生,施錠せず
窃盗,自転車盗,松山東,一番町交番,382019,愛媛県,松山市,緑町１丁目,2019-09-15,21,駐車（輪）場,20歳代,大学生,施錠せず
窃盗,自転車盗,松山東,一番町交番,382019,愛媛県,松山市,緑町２丁目,2019-02-20,23,駐車（輪）場,20歳代,大学生,施錠せず
窃盗,自転車盗,松山東,一番町交番,382019,愛媛県,松山市,緑町２丁目,2019-04-10,23,道路上,10歳代,大学生,施錠せず
窃盗,自転車盗,松山東,一番町交番,382019,愛媛県,松山市,緑町２丁目,2019-06-04,08,その他,40歳代,その他,施錠せず
窃盗,自転車盗,松山東,一番町交番,382019,愛媛県,松山市,緑町２丁目,2019-06-28,22,道路上,20歳代,大学生,施錠せず
窃盗,自転車盗,松山東,一番町交番,382019,愛媛県,松山市,緑町２丁目,2019-08-24,15,駐車（輪）場,20歳代,大学生,施錠せず
窃盗,自転車盗,松山東,一番町交番,382019,愛媛県,松山市,湊町６丁目,2019-02-12,17,駐車（輪）場,20歳代,大学生,施錠せず
窃盗,自転車盗,松山東,一番町交番,382019,愛媛県,松山市,南持田町,2019-04-05,21,４階建て以上共同住宅,10歳代,中学生,施錠せず
窃盗,自転車盗,松山東,一番町交番,382019,愛媛県,松山市,南持田町,2019-07-15,16,４階建て以上共同住宅,20歳代,その他,施錠せず
窃盗,自転車盗,松山東,一番町交番,382019,愛媛県,松山市,持田町４丁目,2019-08-12,09,その他の住宅（３階建て以下共同住宅等）,10歳代,大学生,施錠せず
窃盗,自転車盗,松山東,大街道交番,382019,愛媛県,松山市,,2019-08-09,23,駐車（輪）場,10歳代,その他,施錠せず
窃盗,自転車盗,松山東,大街道交番,382019,愛媛県,松山市,泉町,2019-02-11,06,駐車（輪）場,10歳代,その他,施錠せず
窃盗,自転車盗,松山東,大街道交番,382019,愛媛県,松山市,大街道１丁目,2019-02-14,15,道路上,65-69歳,その他,施錠せず
窃盗,自転車盗,松山東,大街道交番,382019,愛媛県,松山市,大街道１丁目,2019-03-07,13,道路上,10歳代,その他,施錠せず
窃盗,自転車盗,松山東,大街道交番,382019,愛媛県,松山市,大街道１丁目,2019-05-26,22,道路上,20歳代,大学生,施錠せず
窃盗,自転車盗,松山東,大街道交番,382019,愛媛県,松山市,大街道１丁目,2019-08-06,18,道路上,10歳代,大学生,施錠せず
窃盗,自転車盗,松山東,大街道交番,382019,愛媛県,松山市,大街道１丁目,2019-08-06,23,道路上,10歳代,その他,施錠せず
窃盗,自転車盗,松山東,大街道交番,382019,愛媛県,松山市,大街道１丁目,2019-08-28,00,駐車（輪）場,20歳代,大学生,施錠せず
窃盗,自転車盗,松山東,大街道交番,382019,愛媛県,松山市,大街道２丁目,2019-03-25,19,道路上,10歳代,その他,施錠せず
窃盗,自転車盗,松山東,大街道交番,382019,愛媛県,松山市,大街道３丁目,2019-09-29,00,道路上,20歳代,大学生,施錠せず
窃盗,自転車盗,松山東,大街道交番,382019,愛媛県,松山市,大街道３丁目,2019-11-04,11,道路上,40歳代,その他,施錠せず
窃盗,自転車盗,松山東,大街道交番,382019,愛媛県,松山市,勝山町１丁目,2019-01-28,20,その他,10歳代,その他,施錠せず
窃盗,自転車盗,松山東,大街道交番,382019,愛媛県,松山市,河原町,2019-02-13,18,道路上,20歳代,大学生,施錠せず
窃盗,自転車盗,松山東,大街道交番,382019,愛媛県,松山市,此花町,2019-05-05,01,駐車（輪）場,20歳代,大学生,施錠せず
窃盗,自転車盗,松山東,大街道交番,382019,愛媛県,松山市,此花町,2019-09-01,00,駐車（輪）場,50歳代,その他,施錠せず
窃盗,自転車盗,松山東,大街道交番,382019,愛媛県,松山市,三番町１丁目,2019-01-26,08,駐車（輪）場,30歳代,その他,施錠せず
窃盗,自転車盗,松山東,大街道交番,382019,愛媛県,松山市,三番町１丁目,2019-08-02,17,道路上,50歳代,その他,施錠せず
窃盗,自転車盗,松山東,大街道交番,382019,愛媛県,松山市,三番町１丁目,2019-09-08,21,４階建て以上共同住宅,10歳代,その他,施錠せず
窃盗,自転車盗,松山東,大街道交番,382019,愛媛県,松山市,三番町２丁目,2019-02-12,02,道路上,20歳代,大学生,施錠せず
窃盗,自転車盗,松山東,大街道交番,382019,愛媛県,松山市,三番町２丁目,2019-03-29,23,道路上,10歳代,大学生,施錠せず
窃盗,自転車盗,松山東,大街道交番,382019,愛媛県,松山市,三番町２丁目,2019-04-24,10,道路上,20歳代,大学生,施錠せず
窃盗,自転車盗,松山東,大街道交番,382019,愛媛県,松山市,三番町２丁目,2019-09-06,00,道路上,50歳代,その他,施錠せず
窃盗,自転車盗,松山東,大街道交番,382019,愛媛県,松山市,三番町２丁目,2019-10-02,18,道路上,10歳代,高校生,施錠せず
窃盗,自転車盗,松山東,大街道交番,382019,愛媛県,松山市,立花２丁目,2019-05-30,07,駐車（輪）場,10歳代,高校生,施錠せず
窃盗,自転車盗,松山東,大街道交番,382019,愛媛県,松山市,立花４丁目,2019-07-31,10,その他,10歳代,中学生,施錠せず
窃盗,自転車盗,松山東,大街道交番,382019,愛媛県,松山市,立花４丁目,2019-08-25,17,駐車（輪）場,10歳代,高校生,施錠せず
窃盗,自転車盗,松山東,大街道交番,382019,愛媛県,松山市,立花５丁目,2019-04-17,17,一戸建住宅,40歳代,その他,施錠せず
窃盗,自転車盗,松山東,大街道交番,382019,愛媛県,松山市,立花６丁目,2019-12-25,21,駐車（輪）場,10歳代,高校生,施錠せず
窃盗,自転車盗,松山東,大街道交番,382019,愛媛県,松山市,千舟町１丁目,2019-08-28,02,駐車（輪）場,30歳代,その他,施錠せず
窃盗,自転車盗,松山東,大街道交番,382019,愛媛県,松山市,千舟町３丁目,2019-09-08,20,道路上,50歳代,その他,施錠せず
窃盗,自転車盗,松山東,大街道交番,382019,愛媛県,松山市,築山町,2019-06-08,20,駐車（輪）場,10歳代,その他,施錠せず
窃盗,自転車盗,松山東,大街道交番,382019,愛媛県,松山市,中村２丁目,2019-03-18,22,駐車（輪）場,10歳代,高校生,施錠せず
窃盗,自転車盗,松山東,大街道交番,382019,愛媛県,松山市,中村４丁目,2019-09-16,11,その他,10歳代,高校生,施錠せず
窃盗,自転車盗,松山東,大街道交番,382019,愛媛県,松山市,永木町２丁目,2019-10-06,14,駐車（輪）場,70歳以上,その他,施錠せず
窃盗,自転車盗,松山東,大街道交番,382019,愛媛県,松山市,堀之内,2019-01-14,09,その他,10歳代,その他,施錠せず
窃盗,自転車盗,松山東,大街道交番,382019,愛媛県,松山市,湊町３丁目,2019-01-13,15,道路上,10歳代,高校生,施錠せず
窃盗,自転車盗,松山東,大街道交番,382019,愛媛県,松山市,湊町３丁目,2019-02-08,21,駐車（輪）場,10歳代,高校生,施錠せず
窃盗,自転車盗,松山東,大街道交番,382019,愛媛県,松山市,湊町３丁目,2019-03-21,18,道路上,50歳代,その他,施錠せず
窃盗,自転車盗,松山東,大街道交番,382019,愛媛県,松山市,湊町３丁目,2019-03-27,11,駐車（輪）場,65-69歳,その他,施錠せず
窃盗,自転車盗,松山東,大街道交番,382019,愛媛県,松山市,湊町３丁目,2019-06-23,10,道路上,70歳以上,その他,施錠せず
窃盗,自転車盗,松山東,大街道交番,382019,愛媛県,松山市,湊町３丁目,2019-08-02,15,道路上,10歳代,その他,施錠せず
窃盗,自転車盗,松山東,大街道交番,382019,愛媛県,松山市,湊町３丁目,2019-08-12,18,道路上,10歳代,高校生,施錠せず
窃盗,自転車盗,松山東,大街道交番,382019,愛媛県,松山市,湊町３丁目,2019-08-16,19,道路上,20歳代,大学生,施錠せず
窃盗,自転車盗,松山東,大街道交番,382019,愛媛県,松山市,湊町３丁目,2019-12-21,13,道路上,10歳代,中学生,施錠せず
窃盗,自転車盗,松山東,大街道交番,382019,愛媛県,松山市,湊町６丁目,2019-12-15,06,駐車（輪）場,30歳代,その他,施錠せず
窃盗,自転車盗,松山東,大街道交番,382019,愛媛県,松山市,柳井町１丁目,2019-02-27,18,その他の住宅（３階建て以下共同住宅等）,10歳代,その他,施錠せず
窃盗,自転車盗,松山東,大街道交番,382019,愛媛県,松山市,柳井町１丁目,2019-09-27,17,駐車（輪）場,40歳代,その他,施錠せず
窃盗,自転車盗,松山東,大街道交番,382019,愛媛県,松山市,柳井町２丁目,2019-07-01,12,その他,10歳代,高校生,施錠せず
窃盗,自転車盗,松山東,大街道交番,382019,愛媛県,松山市,柳井町２丁目,2019-12-12,00,駐車（輪）場,10歳代,その他,施錠せず
窃盗,自転車盗,松山東,市駅前交番,382019,愛媛県,松山市,,2019-05-12,17,駐車（輪）場,20歳代,その他,施錠せず
窃盗,自転車盗,松山東,市駅前交番,382019,愛媛県,松山市,和泉北１丁目,2019-09-21,19,駐車（輪）場,30歳代,その他,施錠せず
窃盗,自転車盗,松山東,市駅前交番,382019,愛媛県,松山市,永代町,2019-02-22,16,その他,40歳代,その他,施錠せず
窃盗,自転車盗,松山東,市駅前交番,382019,愛媛県,松山市,小栗１丁目,2019-01-25,15,駐車（輪）場,30歳代,その他,施錠せず
窃盗,自転車盗,松山東,市駅前交番,382019,愛媛県,松山市,小栗５丁目,2019-12-19,22,駐車（輪）場,40歳代,その他,施錠せず
窃盗,自転車盗,松山東,市駅前交番,382019,愛媛県,松山市,小栗７丁目,2019-04-01,09,駐車（輪）場,10歳代,その他,施錠せず
窃盗,自転車盗,松山東,市駅前交番,382019,愛媛県,松山市,小栗７丁目,2019-08-23,21,駐車（輪）場,20歳代,その他,施錠せず
窃盗,自転車盗,松山東,市駅前交番,382019,愛媛県,松山市,三番町４丁目,2019-04-13,09,駐車（輪）場,40歳代,その他,施錠せず
窃盗,自転車盗,松山東,市駅前交番,382019,愛媛県,松山市,三番町４丁目,2019-12-13,08,駐車（輪）場,20歳代,その他,施錠せず
窃盗,自転車盗,松山東,市駅前交番,382019,愛媛県,松山市,三番町５丁目,2019-03-05,07,駐車（輪）場,65-69歳,その他,施錠せず
窃盗,自転車盗,松山東,市駅前交番,382019,愛媛県,松山市,三番町５丁目,2019-05-15,08,駐車（輪）場,20歳代,その他,施錠せず
窃盗,自転車盗,松山東,市駅前交番,382019,愛媛県,松山市,三番町６丁目,2019-05-13,08,４階建て以上共同住宅,30歳代,その他,施錠せず
窃盗,自転車盗,松山東,市駅前交番,382019,愛媛県,松山市,三番町６丁目,2019-06-22,18,駐車（輪）場,20歳代,その他,施錠せず
窃盗,自転車盗,松山東,市駅前交番,382019,愛媛県,松山市,三番町６丁目,2019-07-22,08,駐車（輪）場,10歳代,その他,施錠せず
窃盗,自転車盗,松山東,市駅前交番,382019,愛媛県,松山市,末広町,2019-01-11,19,その他,10歳代,大学生,施錠せず
窃盗,自転車盗,松山東,市駅前交番,382019,愛媛県,松山市,末広町,2019-02-13,14,その他,10歳代,その他,施錠せず
窃盗,自転車盗,松山東,市駅前交番,382019,愛媛県,松山市,末広町,2019-04-17,20,道路上,40歳代,その他,施錠せず
窃盗,自転車盗,松山東,市駅前交番,382019,愛媛県,松山市,末広町,2019-05-26,19,道路上,10歳代,高校生,施錠せず
窃盗,自転車盗,松山東,市駅前交番,382019,愛媛県,松山市,末広町,2019-08-05,19,駐車（輪）場,20歳代,その他,施錠せず
窃盗,自転車盗,松山東,市駅前交番,382019,愛媛県,松山市,末広町,2019-08-17,18,道路上,10歳代,その他,施錠せず
窃盗,自転車盗,松山東,市駅前交番,382019,愛媛県,松山市,竹原３丁目,2019-01-13,17,駐車（輪）場,30歳代,その他,施錠せず
窃盗,自転車盗,松山東,市駅前交番,382019,愛媛県,松山市,千舟町５丁目,2019-05-24,13,道路上,30歳代,その他,施錠せず
窃盗,自転車盗,松山東,市駅前交番,382019,愛媛県,松山市,土橋町,2019-06-03,23,その他,70歳以上,その他,施錠せず
窃盗,自転車盗,松山東,市駅前交番,382019,愛媛県,松山市,二番町１丁目,2019-05-02,18,道路上,10歳代,その他,施錠せず
窃盗,自転車盗,松山東,市駅前交番,382019,愛媛県,松山市,花園町,2019-08-07,15,駐車（輪）場,20歳代,大学生,施錠せず
窃盗,自転車盗,松山東,市駅前交番,382019,愛媛県,松山市,花園町,2019-08-11,08,道路上,10歳代,高校生,施錠せず
窃盗,自転車盗,松山東,市駅前交番,382019,愛媛県,松山市,花園町,2019-12-04,18,道路上,20歳代,その他,施錠せず
窃盗,自転車盗,松山東,市駅前交番,382019,愛媛県,松山市,藤原２丁目,2019-05-16,15,その他,50歳代,その他,施錠せず
窃盗,自転車盗,松山東,市駅前交番,382019,愛媛県,松山市,藤原２丁目,2019-07-27,18,駐車（輪）場,10歳代,高校生,施錠せず
窃盗,自転車盗,松山東,市駅前交番,382019,愛媛県,松山市,緑町１丁目,2019-02-03,16,駐車（輪）場,20歳代,大学生,施錠せず
窃盗,自転車盗,松山東,市駅前交番,382019,愛媛県,松山市,湊町４丁目,2019-03-19,17,道路上,10歳代,大学生,施錠せず
窃盗,自転車盗,松山東,市駅前交番,382019,愛媛県,松山市,湊町４丁目,2019-05-13,10,道路上,50歳代,その他,施錠せず
窃盗,自転車盗,松山東,市駅前交番,382019,愛媛県,松山市,湊町４丁目,2019-10-02,08,道路上,30歳代,その他,施錠せず
窃盗,自転車盗,松山東,市駅前交番,382019,愛媛県,松山市,湊町４丁目,2019-10-17,00,道路上,20歳代,その他,施錠せず
窃盗,自転車盗,松山東,市駅前交番,382019,愛媛県,松山市,湊町５丁目,2018-12-22,19,４階建て以上共同住宅,20歳代,その他,施錠せず
窃盗,自転車盗,松山東,市駅前交番,382019,愛媛県,松山市,湊町５丁目,2019-02-22,17,道路上,50歳代,大学生,施錠せず
窃盗,自転車盗,松山東,市駅前交番,382019,愛媛県,松山市,湊町５丁目,2019-03-07,22,駐車（輪）場,10歳代,高校生,施錠せず
窃盗,自転車盗,松山東,市駅前交番,382019,愛媛県,松山市,湊町５丁目,2019-12-05,19,その他,10歳代,高校生,施錠せず
窃盗,自転車盗,松山東,市駅前交番,382019,愛媛県,松山市,湊町６丁目,2019-03-29,07,駐車（輪）場,20歳代,その他,施錠せず
窃盗,自転車盗,松山東,市駅前交番,382019,愛媛県,松山市,湊町６丁目,2019-05-05,15,その他,20歳代,大学生,施錠せず
窃盗,自転車盗,松山東,市駅前交番,382019,愛媛県,松山市,湊町６丁目,2019-07-06,16,駐車（輪）場,10歳代,高校生,施錠せず
窃盗,自転車盗,松山東,市駅前交番,382019,愛媛県,松山市,南堀端町,2019-12-09,08,駐車（輪）場,10歳代,大学生,施錠せず
窃盗,自転車盗,松山東,市駅前交番,382019,愛媛県,松山市,室町,2019-01-19,16,駐車（輪）場,10歳代,その他,施錠せず
窃盗,自転車盗,松山東,市駅前交番,382019,愛媛県,松山市,室町２丁目,2019-09-02,23,駐車（輪）場,10歳代,その他,施錠せず
窃盗,自転車盗,松山東,市駅前交番,382019,愛媛県,松山市,雄郡１丁目,2019-01-01,00,駐車（輪）場,10歳代,高校生,施錠せず
窃盗,自転車盗,松山東,市駅前交番,382019,愛媛県,松山市,雄郡１丁目,2019-12-22,15,駐車（輪）場,20歳代,その他,施錠せず
窃盗,自転車盗,松山東,市駅前交番,382019,愛媛県,松山市,若草町,2019-11-03,20,駐車（輪）場,20歳代,その他,施錠せず
窃盗,自転車盗,松山東,松山駅前交番,382019,愛媛県,松山市,朝日ケ丘２丁目,2019-11-12,19,駐車（輪）場,20歳代,その他,施錠せず
窃盗,自転車盗,松山東,松山駅前交番,382019,愛媛県,松山市,生石町,2019-03-24,10,駐車（輪）場,10歳代,中学生,施錠せず
窃盗,自転車盗,松山東,松山駅前交番,382019,愛媛県,松山市,生石町,2019-09-27,22,駐車（輪）場,30歳代,その他,施錠せず
窃盗,自転車盗,松山東,松山駅前交番,382019,愛媛県,松山市,大街道３丁目,2019-10-19,14,道路上,20歳代,大学生,施錠せず
窃盗,自転車盗,松山東,松山駅前交番,382019,愛媛県,松山市,,2019-08-16,05,駐車（輪）場,20歳代,大学生,施錠せず
窃盗,自転車盗,松山東,松山駅前交番,382019,愛媛県,松山市,大手町１丁目,2019-02-25,21,駐車（輪）場,20歳代,その他,施錠せず
窃盗,自転車盗,松山東,松山駅前交番,382019,愛媛県,松山市,大手町２丁目,2018-11-27,21,駐車（輪）場,10歳代,高校生,施錠せず
窃盗,自転車盗,松山東,松山駅前交番,382019,愛媛県,松山市,大手町２丁目,2018-12-31,09,駐車（輪）場,10歳代,高校生,施錠せず
窃盗,自転車盗,松山東,松山駅前交番,382019,愛媛県,松山市,大手町２丁目,2019-01-06,16,駐車（輪）場,10歳代,高校生,施錠せず
窃盗,自転車盗,松山東,松山駅前交番,382019,愛媛県,松山市,大手町２丁目,2019-01-19,10,駐車（輪）場,10歳代,大学生,施錠せず
窃盗,自転車盗,松山東,松山駅前交番,382019,愛媛県,松山市,大手町２丁目,2019-01-23,22,駐車（輪）場,10歳代,大学生,施錠せず
窃盗,自転車盗,松山東,松山駅前交番,382019,愛媛県,松山市,大手町２丁目,2019-02-27,19,駐車（輪）場,10歳代,その他,施錠せず
窃盗,自転車盗,松山東,松山駅前交番,382019,愛媛県,松山市,大手町２丁目,2019-03-17,19,駐車（輪）場,20歳代,大学生,施錠せず
窃盗,自転車盗,松山東,松山駅前交番,382019,愛媛県,松山市,大手町２丁目,2019-04-19,06,駐車（輪）場,10歳代,大学生,施錠せず
窃盗,自転車盗,松山東,松山駅前交番,382019,愛媛県,松山市,大手町２丁目,2019-05-24,17,駐車（輪）場,20歳代,大学生,施錠せず
窃盗,自転車盗,松山東,松山駅前交番,382019,愛媛県,松山市,大手町２丁目,2019-05-31,08,駐車（輪）場,60-64歳,その他,施錠せず
窃盗,自転車盗,松山東,松山駅前交番,382019,愛媛県,松山市,大手町２丁目,2019-06-04,18,駐車（輪）場,10歳代,大学生,施錠せず
窃盗,自転車盗,松山東,松山駅前交番,382019,愛媛県,松山市,大手町２丁目,2019-07-16,13,駐車（輪）場,10歳代,高校生,施錠せず
窃盗,自転車盗,松山東,松山駅前交番,382019,愛媛県,松山市,大手町２丁目,2019-07-27,18,駐車（輪）場,20歳代,その他,施錠せず
窃盗,自転車盗,松山東,松山駅前交番,382019,愛媛県,松山市,大手町２丁目,2019-09-24,07,道路上,20歳代,大学生,施錠せず
窃盗,自転車盗,松山東,松山駅前交番,382019,愛媛県,松山市,大手町２丁目,2019-11-20,19,駐車（輪）場,10歳代,大学生,施錠せず
窃盗,自転車盗,松山東,松山駅前交番,382019,愛媛県,松山市,大手町２丁目,2019-12-11,21,駐車（輪）場,20歳代,大学生,施錠せず
窃盗,自転車盗,松山東,松山駅前交番,382019,愛媛県,松山市,萱町２丁目,2019-08-17,23,道路上,70歳以上,その他,施錠せず
窃盗,自転車盗,松山東,松山駅前交番,382019,愛媛県,松山市,萱町３丁目,2019-11-23,12,一戸建住宅,10歳代,高校生,施錠せず
窃盗,自転車盗,松山東,松山駅前交番,382019,愛媛県,松山市,衣山１丁目,2018-10-01,22,駐車（輪）場,20歳代,その他,施錠せず
窃盗,自転車盗,松山東,松山駅前交番,382019,愛媛県,松山市,衣山１丁目,2019-07-02,18,駐車（輪）場,10歳代,その他,施錠せず
窃盗,自転車盗,松山東,松山駅前交番,382019,愛媛県,松山市,衣山１丁目,2019-11-11,18,駐車（輪）場,40歳代,その他,施錠せず
窃盗,自転車盗,松山東,松山駅前交番,382019,愛媛県,松山市,衣山１丁目,2019-11-15,15,駐車（輪）場,20歳代,大学生,施錠せず
窃盗,自転車盗,松山東,松山駅前交番,382019,愛媛県,松山市,衣山１丁目,2019-11-30,14,駐車（輪）場,10歳代,中学生,施錠せず
窃盗,自転車盗,松山東,松山駅前交番,382019,愛媛県,松山市,衣山１丁目,2019-11-30,14,駐車（輪）場,10歳代,中学生,施錠せず
窃盗,自転車盗,松山東,松山駅前交番,382019,愛媛県,松山市,衣山１丁目,2019-12-19,16,駐車（輪）場,10歳代,大学生,施錠せず
窃盗,自転車盗,松山東,松山駅前交番,382019,愛媛県,松山市,空港通１丁目,2019-05-23,23,駐車（輪）場,40歳代,その他,施錠せず
窃盗,自転車盗,松山東,松山駅前交番,382019,愛媛県,松山市,空港通１丁目,2019-10-27,14,その他,50歳代,その他,施錠せず
窃盗,自転車盗,松山東,松山駅前交番,382019,愛媛県,松山市,三番町８丁目,2019-10-23,01,４階建て以上共同住宅,20歳代,大学生,施錠せず
窃盗,自転車盗,松山東,松山駅前交番,382019,愛媛県,松山市,,2019-09-07,13,その他の住宅（３階建て以下共同住宅等）,10歳代,高校生,施錠せず
窃盗,自転車盗,松山東,松山駅前交番,382019,愛媛県,松山市,竹原２丁目,2019-01-01,不明,駐車（輪）場,10歳代,中学生,施錠せず
窃盗,自転車盗,松山東,松山駅前交番,382019,愛媛県,松山市,竹原２丁目,2019-05-27,20,駐車（輪）場,10歳代,中学生,施錠せず
窃盗,自転車盗,松山東,松山駅前交番,382019,愛媛県,松山市,竹原２丁目,2019-10-20,20,駐車（輪）場,20歳代,その他,施錠せず
窃盗,自転車盗,松山東,松山駅前交番,382019,愛媛県,松山市,竹原３丁目,2019-12-06,16,駐車（輪）場,10歳代,その他,施錠せず
窃盗,自転車盗,松山東,松山駅前交番,382019,愛媛県,松山市,竹原４丁目,2019-09-18,08,その他,20歳代,大学生,施錠せず
窃盗,自転車盗,松山東,松山駅前交番,382019,愛媛県,松山市,竹原町１丁目,2019-05-28,19,駐車（輪）場,10歳代,その他,施錠せず
窃盗,自転車盗,松山東,松山駅前交番,382019,愛媛県,松山市,千舟町７丁目,2019-05-15,18,その他,10歳代,小学生,施錠せず
窃盗,自転車盗,松山東,松山駅前交番,382019,愛媛県,松山市,中央１丁目,2019-06-30,17,駐車（輪）場,20歳代,その他,施錠せず
窃盗,自転車盗,松山東,松山駅前交番,382019,愛媛県,松山市,中央１丁目,2019-08-05,20,駐車（輪）場,10歳代,高校生,施錠せず
窃盗,自転車盗,松山東,松山駅前交番,382019,愛媛県,松山市,中央１丁目,2019-09-29,18,駐車（輪）場,10歳代,小学生,施錠せず
窃盗,自転車盗,松山東,松山駅前交番,382019,愛媛県,松山市,中央２丁目,2019-03-24,14,駐車（輪）場,20歳代,大学生,施錠せず
窃盗,自転車盗,松山東,松山駅前交番,382019,愛媛県,松山市,中央２丁目,2019-07-24,16,駐車（輪）場,20歳代,その他,施錠せず
窃盗,自転車盗,松山東,松山駅前交番,382019,愛媛県,松山市,土居田町,2019-10-27,17,駐車（輪）場,30歳代,その他,施錠せず
窃盗,自転車盗,松山東,松山駅前交番,382019,愛媛県,松山市,藤原２丁目,2019-11-19,18,駐車（輪）場,60-64歳,その他,施錠せず
窃盗,自転車盗,松山東,松山駅前交番,382019,愛媛県,松山市,美沢１丁目,2018-12-30,09,その他,40歳代,その他,施錠せず
窃盗,自転車盗,松山東,松山駅前交番,382019,愛媛県,松山市,美沢１丁目,2019-02-05,08,その他,30歳代,その他,施錠せず
窃盗,自転車盗,松山東,松山駅前交番,382019,愛媛県,松山市,美沢１丁目,2019-04-28,12,駐車（輪）場,20歳代,その他,施錠せず
窃盗,自転車盗,松山東,松山駅前交番,382019,愛媛県,松山市,美沢１丁目,2019-09-02,21,駐車（輪）場,20歳代,その他,施錠せず
窃盗,自転車盗,松山東,松山駅前交番,382019,愛媛県,松山市,美沢１丁目,2019-10-30,22,その他の住宅（３階建て以下共同住宅等）,20歳代,大学生,施錠せず
窃盗,自転車盗,松山東,松山駅前交番,382019,愛媛県,松山市,美沢１丁目,2019-12-24,21,一戸建住宅,60-64歳,その他,施錠せず
窃盗,自転車盗,松山東,松山駅前交番,382019,愛媛県,松山市,湊町４丁目,2019-11-01,02,道路上,20歳代,その他,施錠せず
窃盗,自転車盗,松山東,松山駅前交番,382019,愛媛県,松山市,湊町７丁目,2019-07-19,18,駐車（輪）場,10歳代,大学生,施錠せず
窃盗,自転車盗,松山東,松山駅前交番,382019,愛媛県,松山市,南江戸１丁目,2019-01-27,08,駐車（輪）場,10歳代,大学生,施錠せず
窃盗,自転車盗,松山東,松山駅前交番,382019,愛媛県,松山市,南江戸１丁目,2019-03-04,00,駐車（輪）場,20歳代,その他,施錠せず
窃盗,自転車盗,松山東,松山駅前交番,382019,愛媛県,松山市,南江戸１丁目,2019-09-14,16,駐車（輪）場,10歳代,小学生,施錠せず
窃盗,自転車盗,松山東,松山駅前交番,382019,愛媛県,松山市,南江戸３丁目,2018-12-28,18,駐車（輪）場,40歳代,その他,施錠せず
窃盗,自転車盗,松山東,松山駅前交番,382019,愛媛県,松山市,南江戸３丁目,2019-03-06,09,４階建て以上共同住宅,20歳代,大学生,施錠せず
窃盗,自転車盗,松山東,松山駅前交番,382019,愛媛県,松山市,宮田町,2017-09-15,20,その他,30歳代,その他,施錠せず
窃盗,自転車盗,松山東,松山駅前交番,382019,愛媛県,松山市,宮田町,2018-07-01,20,駐車（輪）場,10歳代,大学生,施錠せず
窃盗,自転車盗,松山東,松山駅前交番,382019,愛媛県,松山市,宮田町,2018-12-31,15,駐車（輪）場,10歳代,高校生,施錠せず
窃盗,自転車盗,松山東,松山駅前交番,382019,愛媛県,松山市,宮田町,2019-01-04,10,駐車（輪）場,10歳代,大学生,施錠せず
窃盗,自転車盗,松山東,松山駅前交番,382019,愛媛県,松山市,宮田町,2019-01-15,11,駐車（輪）場,40歳代,その他,施錠せず
窃盗,自転車盗,松山東,松山駅前交番,382019,愛媛県,松山市,宮田町,2019-01-16,11,駐車（輪）場,10歳代,高校生,施錠せず
窃盗,自転車盗,松山東,松山駅前交番,382019,愛媛県,松山市,宮田町,2019-01-20,11,その他,10歳代,中学生,施錠せず
窃盗,自転車盗,松山東,松山駅前交番,382019,愛媛県,松山市,宮田町,2019-04-13,19,駐車（輪）場,20歳代,その他,施錠せず
窃盗,自転車盗,松山東,松山駅前交番,382019,愛媛県,松山市,宮田町,2019-06-11,17,駐車（輪）場,20歳代,その他,施錠せず
窃盗,自転車盗,松山東,松山駅前交番,382019,愛媛県,松山市,宮田町,2019-08-03,19,駐車（輪）場,50歳代,その他,施錠せず
窃盗,自転車盗,松山東,松山駅前交番,382019,愛媛県,松山市,宮田町,2019-08-10,12,駐車（輪）場,20歳代,大学生,施錠せず
窃盗,自転車盗,松山東,松山駅前交番,382019,愛媛県,松山市,宮田町,2019-09-21,16,道路上,30歳代,その他,施錠せず
窃盗,自転車盗,松山東,松山駅前交番,382019,愛媛県,松山市,宮田町,2019-09-27,14,駐車（輪）場,20歳代,大学生,施錠せず
窃盗,自転車盗,松山東,松山駅前交番,382019,愛媛県,松山市,宮田町,2019-10-01,19,駐車（輪）場,50歳代,その他,施錠せず
窃盗,自転車盗,松山東,松山駅前交番,382019,愛媛県,松山市,宮田町,2019-10-24,20,その他,20歳代,その他,施錠せず
窃盗,自転車盗,松山東,松山駅前交番,382019,愛媛県,松山市,宮田町,2019-11-14,17,駐車（輪）場,20歳代,大学生,施錠せず
窃盗,自転車盗,松山東,松山駅前交番,382019,愛媛県,松山市,宮田町,2019-11-25,21,駐車（輪）場,20歳代,大学生,施錠せず
窃盗,自転車盗,松山東,松山駅前交番,382019,愛媛県,松山市,宮田町,2019-11-26,18,駐車（輪）場,30歳代,その他,施錠せず
窃盗,自転車盗,松山東,松山駅前交番,382019,愛媛県,松山市,宮田町,2019-12-03,19,駐車（輪）場,10歳代,大学生,施錠せず
窃盗,自転車盗,松山東,松山駅前交番,382019,愛媛県,松山市,宮田町,2019-12-27,09,駐車（輪）場,20歳代,その他,施錠せず
窃盗,自転車盗,松山東,松山駅前交番,382019,愛媛県,松山市,宮田町,2019-12-29,16,駐車（輪）場,20歳代,その他,施錠せず
窃盗,自転車盗,松山東,松山駅前交番,382019,愛媛県,松山市,宮西１丁目,2019-01-21,20,駐車（輪）場,50歳代,その他,施錠せず
窃盗,自転車盗,松山東,松山駅前交番,382019,愛媛県,松山市,宮西１丁目,2019-04-28,12,駐車（輪）場,10歳代,中学生,施錠せず
窃盗,自転車盗,松山東,松山駅前交番,382019,愛媛県,松山市,宮西１丁目,2019-05-12,14,駐車（輪）場,10歳代,中学生,施錠せず
窃盗,自転車盗,松山東,松山駅前交番,382019,愛媛県,松山市,宮西１丁目,2019-05-18,08,駐車（輪）場,40歳代,大学生,施錠せず
窃盗,自転車盗,松山東,松山駅前交番,382019,愛媛県,松山市,宮西１丁目,2019-10-25,21,駐車（輪）場,50歳代,その他,施錠せず
窃盗,自転車盗,松山東,松山駅前交番,382019,愛媛県,松山市,宮西３丁目,2019-04-23,22,駐車（輪）場,20歳代,大学生,施錠せず
窃盗,自転車盗,松山東,松山駅前交番,382019,愛媛県,松山市,宮西３丁目,2019-11-01,18,駐車（輪）場,10歳代,その他,施錠せず
窃盗,自転車盗,松山東,松山駅前交番,382019,愛媛県,松山市,六軒家町,2019-04-15,不明,駐車（輪）場,20歳代,大学生,施錠せず
窃盗,自転車盗,松山東,松山駅前交番,382019,愛媛県,松山市,六軒家町,2019-07-08,18,駐車（輪）場,20歳代,大学生,施錠せず
窃盗,自転車盗,松山東,松山駅前交番,382019,愛媛県,松山市,若草町,2019-08-29,08,駐車（輪）場,30歳代,その他,施錠せず
窃盗,自転車盗,松山東,城北交番,382019,愛媛県,松山市,,2019-10-21,07,駐車（輪）場,20歳代,大学生,施錠せず
窃盗,自転車盗,松山東,城北交番,382019,愛媛県,松山市,大街道２丁目,2019-07-27,22,道路上,10歳代,大学生,施錠せず
窃盗,自転車盗,松山東,城北交番,382019,愛媛県,松山市,萱町４丁目,2019-11-04,21,駐車（輪）場,20歳代,大学生,施錠せず
窃盗,自転車盗,松山東,城北交番,382019,愛媛県,松山市,萱町６丁目,2019-04-18,12,駐車（輪）場,10歳代,大学生,施錠せず
窃盗,自転車盗,松山東,城北交番,382019,愛媛県,松山市,萱町６丁目,2019-05-24,13,４階建て以上共同住宅,10歳代,大学生,施錠せず
窃盗,自転車盗,松山東,城北交番,382019,愛媛県,松山市,萱町６丁目,2019-08-04,23,駐車（輪）場,20歳代,大学生,施錠せず
窃盗,自転車盗,松山東,城北交番,382019,愛媛県,松山市,萱町６丁目,2019-08-30,01,４階建て以上共同住宅,10歳代,大学生,施錠せず
窃盗,自転車盗,松山東,城北交番,382019,愛媛県,松山市,萱町６丁目,2019-11-20,08,駐車（輪）場,10歳代,その他,施錠せず
窃盗,自転車盗,松山東,城北交番,382019,愛媛県,松山市,木屋町１丁目,2019-02-14,15,駐車（輪）場,10歳代,大学生,施錠せず
窃盗,自転車盗,松山東,城北交番,382019,愛媛県,松山市,木屋町１丁目,2019-07-26,14,駐車（輪）場,10歳代,大学生,施錠せず
窃盗,自転車盗,松山東,城北交番,382019,愛媛県,松山市,木屋町２丁目,2019-06-08,23,４階建て以上共同住宅,10歳代,大学生,施錠せず
窃盗,自転車盗,松山東,城北交番,382019,愛媛県,松山市,木屋町２丁目,2019-08-28,02,駐車（輪）場,20歳代,その他,施錠せず
窃盗,自転車盗,松山東,城北交番,382019,愛媛県,松山市,木屋町２丁目,2019-10-04,20,駐車（輪）場,10歳代,大学生,施錠せず
窃盗,自転車盗,松山東,城北交番,382019,愛媛県,松山市,木屋町３丁目,2019-08-22,13,駐車（輪）場,10歳代,大学生,施錠せず
窃盗,自転車盗,松山東,城北交番,382019,愛媛県,松山市,木屋町３丁目,2019-10-17,08,一戸建住宅,40歳代,その他,施錠せず
窃盗,自転車盗,松山東,城北交番,382019,愛媛県,松山市,木屋町４丁目,2019-01-10,17,駐車（輪）場,10歳代,小学生,施錠せず
窃盗,自転車盗,松山東,城北交番,382019,愛媛県,松山市,木屋町４丁目,2019-03-29,10,駐車（輪）場,20歳代,大学生,施錠せず
窃盗,自転車盗,松山東,城北交番,382019,愛媛県,松山市,木屋町４丁目,2019-08-06,22,駐車（輪）場,20歳代,大学生,施錠せず
窃盗,自転車盗,松山東,城北交番,382019,愛媛県,松山市,清水町１丁目,2019-01-13,03,駐車（輪）場,20歳代,大学生,施錠せず
窃盗,自転車盗,松山東,城北交番,382019,愛媛県,松山市,清水町１丁目,2019-01-19,21,駐車（輪）場,20歳代,大学生,施錠せず
窃盗,自転車盗,松山東,城北交番,382019,愛媛県,松山市,清水町１丁目,2019-02-09,10,駐車（輪）場,10歳代,大学生,施錠せず
窃盗,自転車盗,松山東,城北交番,382019,愛媛県,松山市,清水町１丁目,2019-02-11,18,駐車（輪）場,20歳代,大学生,施錠せず
窃盗,自転車盗,松山東,城北交番,382019,愛媛県,松山市,清水町１丁目,2019-05-13,22,駐車（輪）場,10歳代,大学生,施錠せず
窃盗,自転車盗,松山東,城北交番,382019,愛媛県,松山市,清水町１丁目,2019-07-23,17,駐車（輪）場,20歳代,大学生,施錠せず
窃盗,自転車盗,松山東,城北交番,382019,愛媛県,松山市,清水町１丁目,2019-09-06,16,駐車（輪）場,10歳代,大学生,施錠せず
窃盗,自転車盗,松山東,城北交番,382019,愛媛県,松山市,清水町１丁目,2019-12-18,15,駐車（輪）場,10歳代,大学生,施錠せず
窃盗,自転車盗,松山東,城北交番,382019,愛媛県,松山市,清水町１丁目,2019-12-19,16,駐車（輪）場,20歳代,大学生,施錠せず
窃盗,自転車盗,松山東,城北交番,382019,愛媛県,松山市,清水町２丁目,2019-02-02,10,駐車（輪）場,10歳代,大学生,施錠せず
窃盗,自転車盗,松山東,城北交番,382019,愛媛県,松山市,清水町２丁目,2019-03-18,00,駐車（輪）場,20歳代,大学生,施錠せず
窃盗,自転車盗,松山東,城北交番,382019,愛媛県,松山市,清水町３丁目,2019-06-25,21,その他の住宅（３階建て以下共同住宅等）,30歳代,その他,施錠せず
窃盗,自転車盗,松山東,城北交番,382019,愛媛県,松山市,清水町３丁目,2019-09-14,23,駐車（輪）場,20歳代,大学生,施錠せず
窃盗,自転車盗,松山東,城北交番,382019,愛媛県,松山市,清水町４丁目,2019-04-20,19,駐車（輪）場,10歳代,大学生,施錠せず
窃盗,自転車盗,松山東,城北交番,382019,愛媛県,松山市,清水町４丁目,2019-06-22,20,駐車（輪）場,20歳代,大学生,施錠せず
窃盗,自転車盗,松山東,城北交番,382019,愛媛県,松山市,清水町４丁目,2019-09-19,07,駐車（輪）場,20歳代,大学生,施錠せず
窃盗,自転車盗,松山東,城北交番,382019,愛媛県,松山市,清水町４丁目,2019-10-14,20,その他,20歳代,大学生,施錠せず
窃盗,自転車盗,松山東,城北交番,382019,愛媛県,松山市,高砂町１丁目,2019-02-07,16,駐車（輪）場,10歳代,大学生,施錠せず
窃盗,自転車盗,松山東,城北交番,382019,愛媛県,松山市,高砂町１丁目,2019-02-13,20,駐車（輪）場,20歳代,大学生,施錠せず
窃盗,自転車盗,松山東,城北交番,382019,愛媛県,松山市,高砂町１丁目,2019-05-13,14,駐車（輪）場,20歳代,大学生,施錠せず
窃盗,自転車盗,松山東,城北交番,382019,愛媛県,松山市,高砂町１丁目,2019-08-02,22,駐車（輪）場,30歳代,その他,施錠せず
窃盗,自転車盗,松山東,城北交番,382019,愛媛県,松山市,高砂町２丁目,2018-08-01,00,駐車（輪）場,20歳代,大学生,施錠せず
窃盗,自転車盗,松山東,城北交番,382019,愛媛県,松山市,高砂町２丁目,2019-03-26,21,駐車（輪）場,10歳代,高校生,施錠せず
窃盗,自転車盗,松山東,城北交番,382019,愛媛県,松山市,高砂町２丁目,2019-06-14,18,駐車（輪）場,10歳代,大学生,施錠せず
窃盗,自転車盗,松山東,城北交番,382019,愛媛県,松山市,高砂町２丁目,2019-08-19,17,駐車（輪）場,20歳代,大学生,施錠せず
窃盗,自転車盗,松山東,城北交番,382019,愛媛県,松山市,高砂町２丁目,2019-08-23,14,駐車（輪）場,10歳代,大学生,施錠せず
窃盗,自転車盗,松山東,城北交番,382019,愛媛県,松山市,高砂町３丁目,2019-01-30,16,駐車（輪）場,20歳代,大学生,施錠せず
窃盗,自転車盗,松山東,城北交番,382019,愛媛県,松山市,高砂町３丁目,2019-04-30,00,駐車（輪）場,20歳代,大学生,施錠せず
窃盗,自転車盗,松山東,城北交番,382019,愛媛県,松山市,高砂町３丁目,2019-08-09,11,駐車（輪）場,20歳代,大学生,施錠せず
窃盗,自転車盗,松山東,城北交番,382019,愛媛県,松山市,高砂町４丁目,2019-01-18,12,駐車（輪）場,20歳代,大学生,施錠せず
窃盗,自転車盗,松山東,城北交番,382019,愛媛県,松山市,中央１丁目,2019-11-05,18,その他の住宅（３階建て以下共同住宅等）,50歳代,その他,施錠せず
窃盗,自転車盗,松山東,城北交番,382019,愛媛県,松山市,鉄砲町,2019-06-13,03,駐車（輪）場,20歳代,大学生,施錠せず
窃盗,自転車盗,松山東,城北交番,382019,愛媛県,松山市,鉄砲町,2019-07-28,21,駐車（輪）場,10歳代,大学生,施錠せず
窃盗,自転車盗,松山東,城北交番,382019,愛媛県,松山市,鉄砲町,2019-11-26,23,駐車（輪）場,20歳代,大学生,施錠せず
窃盗,自転車盗,松山東,城北交番,382019,愛媛県,松山市,文京町,2018-09-25,16,駐車（輪）場,20歳代,大学生,施錠せず
窃盗,自転車盗,松山東,城北交番,382019,愛媛県,松山市,文京町,2018-11-01,14,駐車（輪）場,20歳代,その他,施錠せず
窃盗,自転車盗,松山東,城北交番,382019,愛媛県,松山市,文京町,2018-12-16,16,駐車（輪）場,20歳代,大学生,施錠せず
窃盗,自転車盗,松山東,城北交番,382019,愛媛県,松山市,文京町,2018-12-21,20,駐車（輪）場,20歳代,大学生,施錠せず
窃盗,自転車盗,松山東,城北交番,382019,愛媛県,松山市,文京町,2018-12-25,14,駐車（輪）場,10歳代,大学生,施錠せず
窃盗,自転車盗,松山東,城北交番,382019,愛媛県,松山市,文京町,2019-01-07,12,駐車（輪）場,20歳代,大学生,施錠せず
窃盗,自転車盗,松山東,城北交番,382019,愛媛県,松山市,文京町,2019-01-15,12,駐車（輪）場,20歳代,大学生,施錠せず
窃盗,自転車盗,松山東,城北交番,382019,愛媛県,松山市,文京町,2019-01-23,13,駐車（輪）場,20歳代,大学生,施錠せず
窃盗,自転車盗,松山東,城北交番,382019,愛媛県,松山市,文京町,2019-01-25,13,駐車（輪）場,20歳代,大学生,施錠せず
窃盗,自転車盗,松山東,城北交番,382019,愛媛県,松山市,文京町,2019-02-05,19,その他,20歳代,大学生,施錠せず
窃盗,自転車盗,松山東,城北交番,382019,愛媛県,松山市,文京町,2019-02-13,07,駐車（輪）場,20歳代,大学生,施錠せず
窃盗,自転車盗,松山東,城北交番,382019,愛媛県,松山市,文京町,2019-02-13,12,その他,20歳代,大学生,施錠せず
窃盗,自転車盗,松山東,城北交番,382019,愛媛県,松山市,文京町,2019-02-21,18,その他,20歳代,大学生,施錠せず
窃盗,自転車盗,松山東,城北交番,382019,愛媛県,松山市,文京町,2019-03-15,不明,駐車（輪）場,20歳代,大学生,施錠せず
窃盗,自転車盗,松山東,城北交番,382019,愛媛県,松山市,文京町,2019-04-17,12,その他,10歳代,大学生,施錠せず
窃盗,自転車盗,松山東,城北交番,382019,愛媛県,松山市,文京町,2019-04-24,08,駐車（輪）場,10歳代,大学生,施錠せず
窃盗,自転車盗,松山東,城北交番,382019,愛媛県,松山市,文京町,2019-05-05,16,その他,20歳代,大学生,施錠せず
窃盗,自転車盗,松山東,城北交番,382019,愛媛県,松山市,文京町,2019-05-11,17,その他,20歳代,大学生,施錠せず
窃盗,自転車盗,松山東,城北交番,382019,愛媛県,松山市,文京町,2019-05-21,08,駐車（輪）場,20歳代,大学生,施錠せず
窃盗,自転車盗,松山東,城北交番,382019,愛媛県,松山市,文京町,2019-06-20,13,駐車（輪）場,10歳代,大学生,施錠せず
窃盗,自転車盗,松山東,城北交番,382019,愛媛県,松山市,文京町,2019-06-24,09,その他,20歳代,大学生,施錠せず
窃盗,自転車盗,松山東,城北交番,382019,愛媛県,松山市,文京町,2019-06-24,10,駐車（輪）場,10歳代,大学生,施錠せず
窃盗,自転車盗,松山東,城北交番,382019,愛媛県,松山市,文京町,2019-07-07,12,その他,20歳代,大学生,施錠せず
窃盗,自転車盗,松山東,城北交番,382019,愛媛県,松山市,文京町,2019-07-20,17,駐車（輪）場,10歳代,大学生,施錠せず
窃盗,自転車盗,松山東,城北交番,382019,愛媛県,松山市,文京町,2019-08-02,09,その他,10歳代,大学生,施錠せず
窃盗,自転車盗,松山東,城北交番,382019,愛媛県,松山市,文京町,2019-08-05,12,その他,10歳代,大学生,施錠せず
窃盗,自転車盗,松山東,城北交番,382019,愛媛県,松山市,文京町,2019-08-10,00,駐車（輪）場,20歳代,大学生,施錠せず
窃盗,自転車盗,松山東,城北交番,382019,愛媛県,松山市,文京町,2019-09-22,07,駐車（輪）場,10歳代,大学生,施錠せず
窃盗,自転車盗,松山東,城北交番,382019,愛媛県,松山市,文京町,2019-10-07,18,その他,20歳代,大学生,施錠せず
窃盗,自転車盗,松山東,城北交番,382019,愛媛県,松山市,文京町,2019-10-14,08,その他,20歳代,大学生,施錠せず
窃盗,自転車盗,松山東,城北交番,382019,愛媛県,松山市,文京町,2019-10-18,10,駐車（輪）場,20歳代,大学生,施錠せず
窃盗,自転車盗,松山東,城北交番,382019,愛媛県,松山市,文京町,2019-11-06,12,その他,20歳代,大学生,施錠せず
窃盗,自転車盗,松山東,城北交番,382019,愛媛県,松山市,文京町,2019-11-15,17,駐車（輪）場,10歳代,大学生,施錠せず
窃盗,自転車盗,松山東,城北交番,382019,愛媛県,松山市,文京町,2019-12-03,00,駐車（輪）場,20歳代,大学生,施錠せず
窃盗,自転車盗,松山東,城北交番,382019,愛媛県,松山市,文京町,2019-12-23,11,駐車（輪）場,20歳代,大学生,施錠せず
窃盗,自転車盗,松山東,城北交番,382019,愛媛県,松山市,平和通２丁目,2019-03-19,22,その他,20歳代,大学生,施錠せず
窃盗,自転車盗,松山東,城北交番,382019,愛媛県,松山市,平和通２丁目,2019-05-28,22,駐車（輪）場,10歳代,大学生,施錠せず
窃盗,自転車盗,松山東,城北交番,382019,愛媛県,松山市,平和通２丁目,2019-06-12,03,駐車（輪）場,10歳代,大学生,施錠せず
窃盗,自転車盗,松山東,城北交番,382019,愛媛県,松山市,平和通２丁目,2019-07-18,17,駐車（輪）場,20歳代,大学生,施錠せず
窃盗,自転車盗,松山東,城北交番,382019,愛媛県,松山市,平和通３丁目,2019-01-26,20,駐車（輪）場,10歳代,大学生,施錠せず
窃盗,自転車盗,松山東,城北交番,382019,愛媛県,松山市,平和通３丁目,2019-03-11,23,駐車（輪）場,20歳代,大学生,施錠せず
窃盗,自転車盗,松山東,城北交番,382019,愛媛県,松山市,平和通３丁目,2019-07-04,18,駐車（輪）場,20歳代,その他,施錠せず
窃盗,自転車盗,松山東,城北交番,382019,愛媛県,松山市,平和通３丁目,2019-09-13,22,駐車（輪）場,20歳代,その他,施錠せず
窃盗,自転車盗,松山東,城北交番,382019,愛媛県,松山市,平和通３丁目,2019-10-17,03,駐車（輪）場,20歳代,その他,施錠せず
窃盗,自転車盗,松山東,城北交番,382019,愛媛県,松山市,平和通３丁目,2019-11-14,22,駐車（輪）場,20歳代,大学生,施錠せず
窃盗,自転車盗,松山東,城北交番,382019,愛媛県,松山市,平和通３丁目,2019-11-23,00,駐車（輪）場,20歳代,大学生,施錠せず
窃盗,自転車盗,松山東,城北交番,382019,愛媛県,松山市,平和通３丁目,2019-12-17,12,４階建て以上共同住宅,20歳代,その他,施錠せず
窃盗,自転車盗,松山東,城北交番,382019,愛媛県,松山市,平和通４丁目,2019-08-13,09,駐車（輪）場,10歳代,大学生,施錠せず
窃盗,自転車盗,松山東,城北交番,382019,愛媛県,松山市,平和通５丁目,2019-01-19,15,駐車（輪）場,10歳代,大学生,施錠せず
窃盗,自転車盗,松山東,城北交番,382019,愛媛県,松山市,平和通５丁目,2019-06-14,23,駐車（輪）場,10歳代,大学生,施錠せず
窃盗,自転車盗,松山東,城北交番,382019,愛媛県,松山市,平和通６丁目,2018-09-01,18,道路上,70歳以上,その他,施錠せず
窃盗,自転車盗,松山東,城北交番,382019,愛媛県,松山市,平和通６丁目,2019-06-04,07,道路上,20歳代,その他,施錠せず
窃盗,自転車盗,松山東,城北交番,382019,愛媛県,松山市,本町３丁目,2019-03-11,22,駐車（輪）場,20歳代,大学生,施錠せず
窃盗,自転車盗,松山東,城北交番,382019,愛媛県,松山市,本町３丁目,2019-07-09,08,駐車（輪）場,10歳代,大学生,施錠せず
窃盗,自転車盗,松山東,城北交番,382019,愛媛県,松山市,本町３丁目,2019-08-05,20,駐車（輪）場,10歳代,高校生,施錠せず
窃盗,自転車盗,松山東,城北交番,382019,愛媛県,松山市,本町５丁目,2019-05-14,19,駐車（輪）場,40歳代,その他,施錠せず
窃盗,自転車盗,松山東,城北交番,382019,愛媛県,松山市,本町５丁目,2019-10-01,18,４階建て以上共同住宅,20歳代,その他,施錠せず
窃盗,自転車盗,松山東,城北交番,382019,愛媛県,松山市,本町６丁目,2018-12-26,19,駐車（輪）場,50歳代,その他,施錠せず
窃盗,自転車盗,松山東,城北交番,382019,愛媛県,松山市,本町６丁目,2019-01-07,10,４階建て以上共同住宅,20歳代,大学生,施錠せず
窃盗,自転車盗,松山東,城北交番,382019,愛媛県,松山市,本町６丁目,2019-05-10,21,駐車（輪）場,30歳代,その他,施錠せず
窃盗,自転車盗,松山東,城北交番,382019,愛媛県,松山市,本町６丁目,2019-06-01,不明,駐車（輪）場,70歳以上,その他,施錠せず
窃盗,自転車盗,松山東,城北交番,382019,愛媛県,松山市,本町６丁目,2019-08-20,23,駐車（輪）場,20歳代,大学生,施錠せず
窃盗,自転車盗,松山東,城北交番,382019,愛媛県,松山市,味酒町３丁目,2019-04-15,20,道路上,60-64歳,その他,施錠せず
窃盗,自転車盗,松山東,城北交番,382019,愛媛県,松山市,味酒町３丁目,2019-05-25,07,４階建て以上共同住宅,20歳代,その他,施錠せず
窃盗,自転車盗,松山東,城北交番,382019,愛媛県,松山市,味酒町３丁目,2019-05-27,19,一戸建住宅,10歳代,その他,施錠せず
窃盗,自転車盗,松山東,城北交番,382019,愛媛県,松山市,味酒町３丁目,2019-09-20,22,駐車（輪）場,20歳代,その他,施錠せず
窃盗,自転車盗,松山東,城北交番,382019,愛媛県,松山市,若草町,2018-09-24,10,駐車（輪）場,20歳代,その他,施錠せず
窃盗,自転車盗,松山東,城北交番,382019,愛媛県,松山市,若草町,2019-07-27,17,駐車（輪）場,10歳代,大学生,施錠せず
窃盗,自転車盗,松山東,城北交番,382019,愛媛県,松山市,若草町,2019-08-31,07,駐車（輪）場,10歳代,中学生,施錠せず
窃盗,自転車盗,松山東,道後交番,382019,愛媛県,松山市,祝谷３丁目,2019-12-17,18,駐車（輪）場,20歳代,大学生,施錠せず
窃盗,自転車盗,松山東,道後交番,382019,愛媛県,松山市,祝谷６丁目,2019-07-22,18,４階建て以上共同住宅,30歳代,その他,施錠せず
窃盗,自転車盗,松山東,道後交番,382019,愛媛県,松山市,新石手,2019-08-20,17,その他,30歳代,大学生,施錠せず
窃盗,自転車盗,松山東,道後交番,382019,愛媛県,松山市,新石手,2019-09-21,17,駐車（輪）場,30歳代,その他,施錠せず
窃盗,自転車盗,松山東,道後交番,382019,愛媛県,松山市,立花３丁目,2019-09-08,21,駐車（輪）場,10歳代,その他,施錠せず
窃盗,自転車盗,松山東,道後交番,382019,愛媛県,松山市,道後一万,2019-01-13,13,一戸建住宅,65-69歳,その他,施錠せず
窃盗,自転車盗,松山東,道後交番,382019,愛媛県,松山市,道後今市,2019-03-17,00,駐車（輪）場,20歳代,大学生,施錠せず
窃盗,自転車盗,松山東,道後交番,382019,愛媛県,松山市,道後今市,2019-06-24,10,駐車（輪）場,10歳代,大学生,施錠せず
窃盗,自転車盗,松山東,道後交番,382019,愛媛県,松山市,道後今市,2019-07-22,17,駐車（輪）場,50歳代,その他,施錠せず
窃盗,自転車盗,松山東,道後交番,382019,愛媛県,松山市,道後今市,2019-12-02,15,駐車（輪）場,20歳代,その他,施錠せず
窃盗,自転車盗,松山東,道後交番,382019,愛媛県,松山市,道後北代,2018-12-15,05,駐車（輪）場,10歳代,大学生,施錠せず
窃盗,自転車盗,松山東,道後交番,382019,愛媛県,松山市,道後北代,2019-04-19,10,一戸建住宅,20歳代,大学生,施錠せず
窃盗,自転車盗,松山東,道後交番,382019,愛媛県,松山市,道後喜多町,2019-02-21,17,その他,20歳代,その他,施錠せず
窃盗,自転車盗,松山東,道後交番,382019,愛媛県,松山市,道後多幸町,2019-05-02,23,道路上,50歳代,その他,施錠せず
窃盗,自転車盗,松山東,道後交番,382019,愛媛県,松山市,道後樋又,2019-01-19,15,駐車（輪）場,10歳代,大学生,施錠せず
窃盗,自転車盗,松山東,道後交番,382019,愛媛県,松山市,道後樋又,2019-03-26,01,駐車（輪）場,10歳代,大学生,施錠せず
窃盗,自転車盗,松山東,道後交番,382019,愛媛県,松山市,道後樋又,2019-04-13,22,４階建て以上共同住宅,10歳代,大学生,施錠せず
窃盗,自転車盗,松山東,道後交番,382019,愛媛県,松山市,道後樋又,2019-05-11,05,駐車（輪）場,20歳代,大学生,施錠せず
窃盗,自転車盗,松山東,道後交番,382019,愛媛県,松山市,道後樋又,2019-05-15,不明,４階建て以上共同住宅,20歳代,大学生,施錠せず
窃盗,自転車盗,松山東,道後交番,382019,愛媛県,松山市,道後樋又,2019-08-10,17,駐車（輪）場,10歳代,大学生,施錠せず
窃盗,自転車盗,松山東,道後交番,382019,愛媛県,松山市,道後樋又,2019-08-10,18,駐車（輪）場,20歳代,大学生,施錠せず
窃盗,自転車盗,松山東,道後交番,382019,愛媛県,松山市,道後樋又,2019-08-11,08,駐車（輪）場,20歳代,大学生,施錠せず
窃盗,自転車盗,松山東,道後交番,382019,愛媛県,松山市,道後樋又,2019-08-12,23,その他の住宅（３階建て以下共同住宅等）,20歳代,その他,施錠せず
窃盗,自転車盗,松山東,道後交番,382019,愛媛県,松山市,道後樋又,2019-11-27,00,駐車（輪）場,10歳代,大学生,施錠せず
窃盗,自転車盗,松山東,道後交番,382019,愛媛県,松山市,道後緑台,2019-05-16,02,駐車（輪）場,20歳代,大学生,施錠せず
窃盗,自転車盗,松山東,道後交番,382019,愛媛県,松山市,道後町２丁目,2019-05-22,13,道路上,70歳以上,その他,施錠せず
窃盗,自転車盗,松山東,道後交番,382019,愛媛県,松山市,道後町２丁目,2019-11-16,07,道路上,10歳代,中学生,施錠せず
窃盗,自転車盗,松山東,道後交番,382019,愛媛県,松山市,南町１丁目,2019-03-02,15,駐車（輪）場,10歳代,大学生,施錠せず
窃盗,自転車盗,松山東,道後交番,382019,愛媛県,松山市,南町１丁目,2019-09-16,09,駐車（輪）場,20歳代,大学生,施錠せず
窃盗,自転車盗,松山東,道後交番,382019,愛媛県,松山市,紅葉町,2019-02-02,19,４階建て以上共同住宅,10歳代,小学生,施錠せず
窃盗,自転車盗,松山東,道後交番,382019,愛媛県,松山市,紅葉町,2019-08-01,17,駐車（輪）場,20歳代,その他,施錠せず
窃盗,自転車盗,松山東,道後交番,382019,愛媛県,松山市,紅葉町,2019-09-06,08,駐車（輪）場,10歳代,その他,施錠せず
窃盗,自転車盗,松山東,道後交番,382019,愛媛県,松山市,湯渡町,2019-08-04,23,駐車（輪）場,20歳代,その他,施錠せず
窃盗,自転車盗,松山東,素鵞交番,382019,愛媛県,松山市,枝松１丁目,2019-06-21,16,駐車（輪）場,20歳代,その他,施錠せず
窃盗,自転車盗,松山東,素鵞交番,382019,愛媛県,松山市,枝松５丁目,2019-04-01,不明,駐車（輪）場,10歳代,高校生,施錠せず
窃盗,自転車盗,松山東,素鵞交番,382019,愛媛県,松山市,枝松５丁目,2019-04-16,19,その他,20歳代,その他,施錠せず
窃盗,自転車盗,松山東,素鵞交番,382019,愛媛県,松山市,枝松６丁目,2019-03-08,08,駐車（輪）場,50歳代,その他,施錠せず
窃盗,自転車盗,松山東,素鵞交番,382019,愛媛県,松山市,桑原７丁目,2019-08-02,22,駐車（輪）場,10歳代,大学生,施錠せず
窃盗,自転車盗,松山東,素鵞交番,382019,愛媛県,松山市,小坂１丁目,2019-10-17,09,その他,20歳代,その他,施錠せず
窃盗,自転車盗,松山東,素鵞交番,382019,愛媛県,松山市,小坂５丁目,2019-03-22,18,駐車（輪）場,70歳以上,その他,施錠せず
窃盗,自転車盗,松山東,素鵞交番,382019,愛媛県,松山市,小坂５丁目,2019-07-28,19,駐車（輪）場,40歳代,その他,施錠せず
窃盗,自転車盗,松山東,素鵞交番,382019,愛媛県,松山市,正円寺１丁目,2019-06-22,23,駐車（輪）場,20歳代,大学生,施錠せず
窃盗,自転車盗,松山東,素鵞交番,382019,愛媛県,松山市,樽味２丁目,2019-11-07,17,駐車（輪）場,20歳代,その他,施錠せず
窃盗,自転車盗,松山東,素鵞交番,382019,愛媛県,松山市,束本２丁目,2019-02-13,12,駐車（輪）場,20歳代,その他,施錠せず
窃盗,自転車盗,松山東,素鵞交番,382019,愛媛県,松山市,畑寺２丁目,2019-09-17,08,駐車（輪）場,10歳代,高校生,施錠せず
窃盗,自転車盗,松山東,素鵞交番,382019,愛媛県,松山市,畑寺３丁目,2018-12-27,18,駐車（輪）場,20歳代,大学生,施錠せず
窃盗,自転車盗,松山東,素鵞交番,382019,愛媛県,松山市,東野２丁目,2019-03-19,12,一戸建住宅,65-69歳,その他,施錠せず
窃盗,自転車盗,松山東,素鵞交番,382019,愛媛県,松山市,東野３丁目,2019-06-22,00,駐車（輪）場,20歳代,大学生,施錠せず
窃盗,自転車盗,松山東,素鵞交番,382019,愛媛県,松山市,東野３丁目,2019-07-10,22,一戸建住宅,60-64歳,その他,施錠せず
窃盗,自転車盗,松山東,素鵞交番,382019,愛媛県,松山市,東野３丁目,2019-12-24,19,一戸建住宅,10歳代,高校生,施錠せず
窃盗,自転車盗,松山東,素鵞交番,382019,愛媛県,松山市,東野５丁目,2019-02-04,22,駐車（輪）場,30歳代,その他,施錠せず
窃盗,自転車盗,松山東,素鵞交番,382019,愛媛県,松山市,東野５丁目,2019-06-27,11,一戸建住宅,40歳代,その他,施錠せず
窃盗,自転車盗,松山東,素鵞交番,382019,愛媛県,松山市,東野５丁目,2019-11-27,11,道路上,70歳以上,その他,施錠せず
窃盗,自転車盗,松山東,素鵞交番,382019,愛媛県,松山市,東野６丁目,2019-05-30,15,駐車（輪）場,65-69歳,その他,施錠せず
窃盗,自転車盗,松山東,素鵞交番,382019,愛媛県,松山市,日の出町,2019-07-24,16,一戸建住宅,10歳代,その他,施錠せず
窃盗,自転車盗,松山東,素鵞交番,382019,愛媛県,松山市,松末１丁目,2019-02-27,19,駐車（輪）場,20歳代,その他,施錠せず
窃盗,自転車盗,松山東,素鵞交番,382019,愛媛県,松山市,松末１丁目,2019-04-26,08,駐車（輪）場,40歳代,その他,施錠せず
窃盗,自転車盗,松山東,素鵞交番,382019,愛媛県,松山市,松末１丁目,2019-06-10,00,駐車（輪）場,10歳代,大学生,施錠せず
窃盗,自転車盗,松山東,御幸交番,382019,愛媛県,松山市,鉄砲町,2019-01-29,14,駐車（輪）場,20歳代,大学生,施錠せず
窃盗,自転車盗,松山東,御幸交番,382019,愛媛県,松山市,姫原２丁目,2019-01-11,22,その他,10歳代,高校生,施錠せず
窃盗,自転車盗,松山東,御幸交番,382019,愛媛県,松山市,姫原２丁目,2019-05-05,16,その他,50歳代,その他,施錠せず
窃盗,自転車盗,松山東,御幸交番,382019,愛媛県,松山市,姫原２丁目,2019-07-01,07,４階建て以上共同住宅,40歳代,その他,施錠せず
窃盗,自転車盗,松山東,御幸交番,382019,愛媛県,松山市,御幸１丁目,2019-03-27,13,駐車（輪）場,10歳代,大学生,施錠せず
窃盗,自転車盗,松山東,御幸交番,382019,愛媛県,松山市,御幸１丁目,2019-07-31,17,駐車（輪）場,10歳代,大学生,施錠せず
窃盗,自転車盗,松山東,御幸交番,382019,愛媛県,松山市,御幸１丁目,2019-09-06,19,その他,20歳代,大学生,施錠せず
窃盗,自転車盗,松山東,御幸交番,382019,愛媛県,松山市,御幸１丁目,2019-10-08,18,駐車（輪）場,10歳代,大学生,施錠せず
窃盗,自転車盗,松山東,御幸交番,382019,愛媛県,松山市,御幸２丁目,2019-01-27,18,駐車（輪）場,20歳代,大学生,施錠せず
窃盗,自転車盗,松山東,御幸交番,382019,愛媛県,松山市,御幸２丁目,2019-02-13,21,一戸建住宅,60-64歳,その他,施錠せず
窃盗,自転車盗,松山東,御幸交番,382019,愛媛県,松山市,御幸２丁目,2019-09-20,10,駐車（輪）場,20歳代,大学生,施錠せず
窃盗,自転車盗,松山東,御幸交番,382019,愛媛県,松山市,山越１丁目,2019-11-19,20,４階建て以上共同住宅,20歳代,大学生,施錠せず
窃盗,自転車盗,松山東,御幸交番,382019,愛媛県,松山市,山越２丁目,2019-08-07,22,駐車（輪）場,20歳代,その他,施錠せず
窃盗,自転車盗,松山東,御幸交番,382019,愛媛県,松山市,山越５丁目,2019-09-12,13,駐車（輪）場,50歳代,その他,施錠せず
窃盗,自転車盗,松山東,御幸交番,382019,愛媛県,松山市,山越６丁目,2019-02-10,09,一戸建住宅,50歳代,その他,施錠せず
窃盗,自転車盗,松山東,御幸交番,382019,愛媛県,松山市,吉藤２丁目,2019-12-11,19,その他,10歳代,中学生,施錠せず
窃盗,自転車盗,松山東,潮見駐在所,382019,愛媛県,松山市,平田町,2019-01-08,21,駐車（輪）場,20歳代,大学生,施錠せず
窃盗,自転車盗,松山東,潮見駐在所,382019,愛媛県,松山市,平田町,2019-06-19,17,駐車（輪）場,40歳代,その他,施錠せず
窃盗,自転車盗,松山東,潮見駐在所,382019,愛媛県,松山市,平田町,2019-10-11,15,駐車（輪）場,20歳代,その他,施錠せず
窃盗,自転車盗,松山東,潮見駐在所,382019,愛媛県,松山市,吉藤４丁目,2019-03-05,17,駐車（輪）場,10歳代,中学生,施錠せず
窃盗,自転車盗,松山東,潮見駐在所,382019,愛媛県,松山市,吉藤５丁目,2019-07-21,20,駐車（輪）場,20歳代,その他,施錠せず
窃盗,自転車盗,松山東,湯山駐在所,382019,愛媛県,松山市,,2019-08-22,12,一戸建住宅,10歳代,高校生,施錠せず
窃盗,自転車盗,松山東,湯山駐在所,382019,愛媛県,松山市,溝辺町,2019-06-19,16,一戸建住宅,60-64歳,その他,施錠せず
窃盗,自転車盗,松山東,余戸交番,382019,愛媛県,松山市,土居田町,2019-04-18,12,駐車（輪）場,20歳代,その他,施錠せず
窃盗,自転車盗,松山東,余戸交番,382019,愛媛県,松山市,土居田町,2019-05-11,10,一戸建住宅,50歳代,その他,施錠せず
窃盗,自転車盗,松山東,余戸交番,382019,愛媛県,松山市,土居田町,2019-08-09,10,その他,10歳代,高校生,施錠せず
窃盗,自転車盗,松山東,余戸交番,382019,愛媛県,松山市,土居田町,2019-08-30,08,駐車（輪）場,10歳代,高校生,施錠せず
窃盗,自転車盗,松山東,余戸交番,382019,愛媛県,松山市,土居田町,2019-10-18,18,駐車（輪）場,20歳代,その他,施錠せず
窃盗,自転車盗,松山東,余戸交番,382019,愛媛県,松山市,土居田町,2019-11-26,20,その他,20歳代,その他,施錠せず
窃盗,自転車盗,松山東,余戸交番,382019,愛媛県,松山市,針田町,2019-09-13,22,駐車（輪）場,10歳代,高校生,施錠せず
窃盗,自転車盗,松山東,余戸交番,382019,愛媛県,松山市,南江戸３丁目,2019-08-04,12,その他,50歳代,高校生,施錠せず
窃盗,自転車盗,松山東,余戸交番,382019,愛媛県,松山市,余戸中６丁目,2019-09-21,12,駐車（輪）場,30歳代,その他,施錠せず
窃盗,自転車盗,松山東,余戸交番,382019,愛媛県,松山市,余戸東５丁目,2019-11-18,17,４階建て以上共同住宅,20歳代,その他,施錠せず
窃盗,自転車盗,松山東,余戸交番,382019,愛媛県,松山市,余戸南１丁目,2019-03-24,13,その他,40歳代,その他,施錠せず
窃盗,自転車盗,松山東,余戸交番,382019,愛媛県,松山市,余戸南５丁目,2019-04-02,22,一戸建住宅,10歳代,大学生,施錠せず
窃盗,自転車盗,松山西,,382019,愛媛県,松山市,会津町,2019-11-11,17,駐車（輪）場,10歳代,高校生,施錠せず
窃盗,自転車盗,松山西,みつ交番,382019,愛媛県,松山市,会津町,2019-01-11,07,駐車（輪）場,10歳代,高校生,施錠せず
窃盗,自転車盗,松山西,みつ交番,382019,愛媛県,松山市,会津町,2019-01-29,07,その他,10歳代,高校生,施錠せず
窃盗,自転車盗,松山西,みつ交番,382019,愛媛県,松山市,会津町,2019-07-19,16,駐車（輪）場,10歳代,中学生,施錠せず
窃盗,自転車盗,松山西,みつ交番,382019,愛媛県,松山市,会津町,2019-07-26,18,駐車（輪）場,20歳代,大学生,施錠せず
窃盗,自転車盗,松山西,みつ交番,382019,愛媛県,松山市,会津町,2019-07-29,07,駐車（輪）場,10歳代,高校生,施錠せず
窃盗,自転車盗,松山西,みつ交番,382019,愛媛県,松山市,会津町,2019-08-03,19,駐車（輪）場,10歳代,高校生,施錠せず
窃盗,自転車盗,松山西,みつ交番,382019,愛媛県,松山市,会津町,2019-09-21,17,駐車（輪）場,10歳代,高校生,施錠せず
窃盗,自転車盗,松山西,みつ交番,382019,愛媛県,松山市,会津町,2019-09-28,07,駐車（輪）場,10歳代,中学生,施錠せず
窃盗,自転車盗,松山西,みつ交番,382019,愛媛県,松山市,会津町,2019-09-28,17,駐車（輪）場,40歳代,その他,施錠せず
窃盗,自転車盗,松山西,みつ交番,382019,愛媛県,松山市,内浜町,2019-01-22,18,その他の住宅（３階建て以下共同住宅等）,40歳代,その他,施錠せず
窃盗,自転車盗,松山西,みつ交番,382019,愛媛県,松山市,海岸通,2019-08-03,17,道路上,10歳代,中学生,施錠せず
窃盗,自転車盗,松山西,みつ交番,382019,愛媛県,松山市,海岸通,2019-08-12,18,駐車（輪）場,10歳代,中学生,施錠せず
窃盗,自転車盗,松山西,みつ交番,382019,愛媛県,松山市,住吉１丁目,2019-08-09,19,道路上,40歳代,その他,施錠せず
窃盗,自転車盗,松山西,みつ交番,382019,愛媛県,松山市,住吉２丁目,2019-08-16,23,道路上,70歳以上,その他,施錠せず
窃盗,自転車盗,松山西,みつ交番,382019,愛媛県,松山市,住吉２丁目,2019-09-09,21,駐車（輪）場,65-69歳,その他,施錠せず
窃盗,自転車盗,松山西,みつ交番,382019,愛媛県,松山市,祓川１丁目,2019-08-03,20,一戸建住宅,40歳代,その他,施錠せず
窃盗,自転車盗,松山西,みつ交番,382019,愛媛県,松山市,松江町,2019-02-10,08,駐車（輪）場,70歳以上,その他,施錠せず
窃盗,自転車盗,松山西,みつ交番,382019,愛媛県,松山市,松江町,2019-07-02,14,駐車（輪）場,50歳代,その他,施錠せず
窃盗,自転車盗,松山西,みつ交番,382019,愛媛県,松山市,三杉町,2019-02-01,17,駐車（輪）場,10歳代,その他,施錠せず
窃盗,自転車盗,松山西,みつ交番,382019,愛媛県,松山市,三杉町,2019-06-16,17,駐車（輪）場,20歳代,その他,施錠せず
窃盗,自転車盗,松山西,みつ交番,382019,愛媛県,松山市,三杉町,2019-08-26,07,駐車（輪）場,10歳代,高校生,施錠せず
窃盗,自転車盗,松山西,みつ交番,382019,愛媛県,松山市,三津３丁目,2018-12-26,05,駐車（輪）場,10歳代,高校生,施錠せず
窃盗,自転車盗,松山西,みつ交番,382019,愛媛県,松山市,元町,2019-07-05,08,駐車（輪）場,65-69歳,その他,施錠せず
窃盗,自転車盗,松山西,みつ交番,382019,愛媛県,松山市,古三津２丁目,2019-12-03,01,駐車（輪）場,40歳代,その他,施錠せず
窃盗,自転車盗,松山西,みつ交番,382019,愛媛県,松山市,古三津３丁目,2019-02-20,14,駐車（輪）場,20歳代,その他,施錠せず
窃盗,自転車盗,松山西,みつ交番,382019,愛媛県,松山市,古三津６丁目,2019-10-22,18,その他,20歳代,その他,施錠せず
窃盗,自転車盗,松山西,高浜交番,382019,愛媛県,松山市,高浜町３丁目,2019-05-24,15,一戸建住宅,10歳代,高校生,施錠せず
窃盗,自転車盗,松山西,高浜交番,382019,愛媛県,松山市,港山町,2019-08-04,09,駐車（輪）場,10歳代,高校生,施錠せず
窃盗,自転車盗,松山西,吉田浜交番,382019,愛媛県,松山市,富久町,2019-02-09,18,一戸建住宅,20歳代,大学生,施錠せず
窃盗,自転車盗,松山西,吉田浜交番,382019,愛媛県,松山市,富久町,2019-05-24,20,駐車（輪）場,20歳代,その他,施錠せず
窃盗,自転車盗,松山西,味生交番,382019,愛媛県,松山市,北斎院町,2019-11-01,00,駐車（輪）場,40歳代,その他,施錠せず
窃盗,自転車盗,松山西,味生交番,382019,愛媛県,松山市,北斎院町,2019-11-30,13,駐車（輪）場,10歳代,中学生,施錠せず
窃盗,自転車盗,松山西,味生交番,382019,愛媛県,松山市,空港通３丁目,2019-02-10,18,駐車（輪）場,10歳代,中学生,施錠せず
窃盗,自転車盗,松山西,味生交番,382019,愛媛県,松山市,空港通６丁目,2019-08-21,21,その他の住宅（３階建て以下共同住宅等）,10歳代,高校生,施錠せず
窃盗,自転車盗,松山西,味生交番,382019,愛媛県,松山市,空港通６丁目,2019-09-08,15,駐車（輪）場,10歳代,中学生,施錠せず
窃盗,自転車盗,松山西,味生交番,382019,愛媛県,松山市,空港通７丁目,2019-09-19,23,４階建て以上共同住宅,10歳代,高校生,施錠せず
窃盗,自転車盗,松山西,味生交番,382019,愛媛県,松山市,別府町,2018-12-23,11,駐車（輪）場,20歳代,その他,施錠せず
窃盗,自転車盗,松山西,味生交番,382019,愛媛県,松山市,別府町,2019-08-11,19,４階建て以上共同住宅,10歳代,中学生,施錠せず
窃盗,自転車盗,松山西,味生交番,382019,愛媛県,松山市,山西町,2019-03-01,18,一戸建住宅,10歳代,その他,施錠せず
窃盗,自転車盗,松山西,味生交番,382019,愛媛県,松山市,山西町,2019-03-26,16,駐車（輪）場,70歳以上,その他,施錠せず
窃盗,自転車盗,松山西,味生交番,382019,愛媛県,松山市,山西町,2019-04-25,00,駐車（輪）場,20歳代,その他,施錠せず
窃盗,自転車盗,松山西,味生交番,382019,愛媛県,松山市,山西町,2019-09-08,18,駐車（輪）場,40歳代,その他,施錠せず
窃盗,自転車盗,松山西,久枝交番,382019,愛媛県,松山市,東長戸２丁目,2019-07-20,00,その他,20歳代,その他,施錠せず
窃盗,自転車盗,松山西,久枝交番,382019,愛媛県,松山市,東長戸３丁目,2019-05-27,21,道路上,20歳代,その他,施錠せず
窃盗,自転車盗,松山西,久枝交番,382019,愛媛県,松山市,青葉台,2019-08-16,08,一戸建住宅,40歳代,その他,施錠せず
窃盗,自転車盗,松山西,和気駐在所,382019,愛媛県,松山市,馬木町,2019-10-07,12,駐車（輪）場,10歳代,中学生,施錠せず
窃盗,自転車盗,松山西,和気駐在所,382019,愛媛県,松山市,和気町１丁目,2019-05-09,13,その他,50歳代,その他,施錠せず
窃盗,自転車盗,松山西,和気駐在所,382019,愛媛県,松山市,和気町１丁目,2019-06-01,07,その他,10歳代,その他,施錠せず
窃盗,自転車盗,松山西,和気駐在所,382019,愛媛県,松山市,和気町１丁目,2019-08-27,12,駐車（輪）場,10歳代,中学生,施錠せず
窃盗,自転車盗,松山西,和気駐在所,382019,愛媛県,松山市,和気町１丁目,2019-10-08,07,駐車（輪）場,10歳代,高校生,施錠せず
窃盗,自転車盗,松山西,和気駐在所,382019,愛媛県,松山市,和気町２丁目,2019-07-20,19,道路上,10歳代,中学生,施錠せず
窃盗,自転車盗,松山西,北条交番,382019,愛媛県,松山市,小川,2018-11-15,19,駐車（輪）場,10歳代,高校生,施錠せず
窃盗,自転車盗,松山西,北条交番,382019,愛媛県,松山市,府中,2019-10-04,17,駐車（輪）場,20歳代,その他,施錠せず
窃盗,自転車盗,松山西,北条交番,382019,愛媛県,松山市,北条辻,2019-08-03,08,駐車（輪）場,10歳代,大学生,施錠せず
窃盗,自転車盗,松山西,北条交番,382019,愛媛県,松山市,北条辻,2019-09-05,21,一戸建住宅,70歳以上,その他,施錠せず
窃盗,自転車盗,松山西,粟井駐在所,382019,愛媛県,松山市,小川,2019-01-20,00,駐車（輪）場,20歳代,大学生,施錠せず
窃盗,自転車盗,松山西,粟井駐在所,382019,愛媛県,松山市,小川,2019-08-17,07,駐車（輪）場,60-64歳,その他,施錠せず
窃盗,自転車盗,松山西,粟井駐在所,382019,愛媛県,松山市,鹿峰,2019-03-12,07,駐車（輪）場,10歳代,その他,施錠せず
窃盗,自転車盗,伊予,駅前交番,382108,愛媛県,伊予市,米湊,2018-07-01,不明,駐車（輪）場,10歳代,大学生,施錠せず
窃盗,自転車盗,伊予,駅前交番,382108,愛媛県,伊予市,米湊,2019-02-06,08,駐車（輪）場,10歳代,高校生,施錠せず
窃盗,自転車盗,伊予,駅前交番,382108,愛媛県,伊予市,米湊,2019-10-15,18,その他,70歳以上,その他,施錠せず
窃盗,自転車盗,伊予,駅前交番,382108,愛媛県,伊予市,下吾川,2019-03-08,11,駐車（輪）場,20歳代,その他,施錠せず
窃盗,自転車盗,伊予,駅前交番,382108,愛媛県,伊予市,灘町,2019-10-20,18,その他,20歳代,その他,施錠せず
窃盗,自転車盗,伊予,駅前交番,384011,愛媛県,松前町,大字昌農内,2019-11-11,07,駐車（輪）場,20歳代,大学生,施錠せず
窃盗,自転車盗,伊予,駅前交番,384011,愛媛県,松前町,大字筒井,2019-05-06,12,その他,10歳代,中学生,施錠せず
窃盗,自転車盗,伊予,駅前交番,384011,愛媛県,松前町,大字南黒田,2019-12-05,16,駐車（輪）場,10歳代,小学生,施錠せず
窃盗,自転車盗,伊予,松前交番,384011,愛媛県,松前町,大字上高柳,2019-12-07,17,一戸建住宅,20歳代,その他,施錠せず
窃盗,自転車盗,伊予,松前交番,384011,愛媛県,松前町,大字北黒田,2019-09-30,23,駐車（輪）場,20歳代,その他,施錠せず
窃盗,自転車盗,伊予,松前交番,384011,愛媛県,松前町,大字筒井,2019-01-21,17,駐車（輪）場,10歳代,高校生,施錠せず
窃盗,自転車盗,伊予,松前交番,384011,愛媛県,松前町,大字筒井,2019-03-06,13,駐車（輪）場,10歳代,その他,施錠せず
窃盗,自転車盗,伊予,松前交番,384011,愛媛県,松前町,大字筒井,2019-04-22,19,その他,10歳代,大学生,施錠せず
窃盗,自転車盗,伊予,松前交番,384011,愛媛県,松前町,大字筒井,2019-07-09,16,その他,10歳代,高校生,施錠せず
窃盗,自転車盗,伊予,松前交番,384011,愛媛県,松前町,大字西古泉,2019-06-04,10,駐車（輪）場,10歳代,大学生,施錠せず
窃盗,自転車盗,伊予,松前交番,384011,愛媛県,松前町,大字浜,2019-12-19,07,駐車（輪）場,10歳代,高校生,施錠せず
窃盗,自転車盗,伊予,北伊予駐在所,384011,愛媛県,松前町,大字神崎,2019-12-04,06,駐車（輪）場,10歳代,その他,施錠せず
窃盗,自転車盗,伊予,北伊予駐在所,384011,愛媛県,松前町,大字昌農内,2019-11-30,21,駐車（輪）場,10歳代,高校生,施錠せず
窃盗,自転車盗,伊予,北伊予駐在所,384011,愛媛県,松前町,大字中川原,2019-04-27,23,一戸建住宅,40歳代,その他,施錠せず
窃盗,自転車盗,伊予,北伊予駐在所,384011,愛媛県,松前町,大字横田,2019-08-26,07,駐車（輪）場,20歳代,その他,施錠せず
窃盗,自転車盗,大洲,中央交番,382078,愛媛県,大洲市,大洲,2019-08-04,19,駐車（輪）場,50歳代,その他,施錠せず
窃盗,自転車盗,大洲,中央交番,382078,愛媛県,大洲市,北只,2019-04-16,07,駐車（輪）場,10歳代,高校生,施錠せず
窃盗,自転車盗,大洲,中央交番,382078,愛媛県,大洲市,中村,2019-01-08,06,駐車（輪）場,50歳代,その他,施錠せず
窃盗,自転車盗,大洲,中央交番,382078,愛媛県,大洲市,中村,2019-06-23,17,一戸建住宅,10歳代,高校生,施錠せず
窃盗,自転車盗,大洲,八多喜駐在所,382078,愛媛県,大洲市,八多喜町,2019-01-21,07,駐車（輪）場,10歳代,高校生,施錠せず
窃盗,自転車盗,大洲,八多喜駐在所,382078,愛媛県,大洲市,春賀,2019-01-30,07,駐車（輪）場,10歳代,高校生,施錠せず
窃盗,自転車盗,大洲,内子交番,384224,愛媛県,内子町,内子,2019-04-15,07,駐車（輪）場,40歳代,その他,施錠せず
窃盗,自転車盗,大洲,内子交番,384224,愛媛県,内子町,内子,2019-06-15,20,駐車（輪）場,50歳代,その他,施錠せず
窃盗,自転車盗,八幡浜,伊方駐在所,384429,愛媛県,伊方町,湊浦,2019-11-05,07,一戸建住宅,50歳代,その他,施錠せず
窃盗,自転車盗,八幡浜,みなと交番,382043,愛媛県,八幡浜市,向灘,2019-11-09,15,駐車（輪）場,40歳代,その他,施錠せず
窃盗,自転車盗,八幡浜,みなと交番,382043,愛媛県,八幡浜市,,2019-05-06,10,その他,70歳以上,その他,施錠せず
窃盗,自転車盗,八幡浜,みなと交番,382043,愛媛県,八幡浜市,,2019-10-19,10,道路上,50歳代,その他,施錠せず
窃盗,自転車盗,八幡浜,みなと交番,382043,愛媛県,八幡浜市,,2019-11-04,13,その他,65-69歳,その他,施錠せず
窃盗,自転車盗,西予,西予警察署所在地,382141,愛媛県,西予市,宇和町卯之町３丁目,2019-10-19,20,その他,70歳以上,その他,施錠せず
窃盗,自転車盗,西予,西予警察署所在地,382141,愛媛県,西予市,宇和町卯之町５丁目,2019-10-02,21,その他,60-64歳,その他,施錠せず
窃盗,自転車盗,西予,三瓶駐在所,382141,愛媛県,西予市,三瓶町朝立,2019-04-15,12,駐車（輪）場,10歳代,中学生,施錠せず
窃盗,自転車盗,西予,野村交番,382141,愛媛県,西予市,野村町野村,2019-04-27,12,駐車（輪）場,70歳以上,その他,施錠せず
窃盗,自転車盗,宇和島,駅前交番,382035,愛媛県,宇和島市,伊吹町,2019-09-12,17,駐車（輪）場,20歳代,その他,施錠せず
窃盗,自転車盗,宇和島,駅前交番,382035,愛媛県,宇和島市,恵美須町２丁目,2019-08-12,09,駐車（輪）場,50歳代,その他,施錠せず
窃盗,自転車盗,宇和島,駅前交番,382035,愛媛県,宇和島市,柿原,2019-10-13,18,駐車（輪）場,20歳代,その他,施錠せず
窃盗,自転車盗,宇和島,駅前交番,382035,愛媛県,宇和島市,栄町港１丁目,2019-01-28,19,駐車（輪）場,10歳代,中学生,施錠せず
窃盗,自転車盗,宇和島,駅前交番,382035,愛媛県,宇和島市,新町１丁目,2019-04-23,08,道路上,20歳代,その他,施錠せず
窃盗,自転車盗,宇和島,駅前交番,382035,愛媛県,宇和島市,新町２丁目,2019-01-09,00,道路上,40歳代,その他,施錠せず
窃盗,自転車盗,宇和島,駅前交番,382035,愛媛県,宇和島市,新町２丁目,2019-04-26,23,道路上,40歳代,その他,施錠せず
窃盗,自転車盗,宇和島,駅前交番,382035,愛媛県,宇和島市,鶴島町,2019-09-17,07,駐車（輪）場,10歳代,高校生,施錠せず
窃盗,自転車盗,宇和島,駅前交番,382035,愛媛県,宇和島市,丸穂町１丁目,2019-04-13,10,道路上,70歳以上,その他,施錠せず
窃盗,自転車盗,宇和島,駅前交番,382035,愛媛県,宇和島市,丸穂町４丁目,2019-03-09,18,駐車（輪）場,10歳代,高校生,施錠せず
窃盗,自転車盗,宇和島,駅前交番,382035,愛媛県,宇和島市,御幸町１丁目,2019-02-05,12,道路上,20歳代,その他,施錠せず
窃盗,自転車盗,宇和島,城南交番,382035,愛媛県,宇和島市,賀古町２丁目,2019-07-07,01,駐車（輪）場,40歳代,その他,施錠せず
窃盗,自転車盗,宇和島,城南交番,382035,愛媛県,宇和島市,坂下津,2019-07-23,19,道路上,70歳以上,その他,施錠せず
窃盗,自転車盗,宇和島,城南交番,382035,愛媛県,宇和島市,桜町,2019-08-24,14,その他,30歳代,その他,施錠せず
窃盗,自転車盗,宇和島,城南交番,382035,愛媛県,宇和島市,桝形町２丁目,2019-03-26,18,駐車（輪）場,10歳代,中学生,施錠せず
窃盗,自転車盗,宇和島,城南交番,382035,愛媛県,宇和島市,長堀２丁目,2019-08-03,19,駐車（輪）場,10歳代,中学生,施錠せず
窃盗,自転車盗,宇和島,城南交番,382035,愛媛県,宇和島市,別当２丁目,2019-01-11,00,駐車（輪）場,30歳代,その他,施錠せず
窃盗,自転車盗,宇和島,城南交番,382035,愛媛県,宇和島市,保手１丁目,2019-12-06,18,駐車（輪）場,20歳代,その他,施錠せず
窃盗,自転車盗,宇和島,来駐在所,382035,愛媛県,宇和島市,宮下,2019-04-24,06,駐車（輪）場,10歳代,その他,施錠せず
窃盗,自転車盗,宇和島,来駐在所,382035,愛媛県,宇和島市,寄松,2019-06-19,18,駐車（輪）場,10歳代,高校生,施錠せず
窃盗,自転車盗,宇和島,遊子駐在所,382035,愛媛県,宇和島市,遊子,2019-03-20,08,その他,10歳代,中学生,施錠せず
窃盗,自転車盗,宇和島,三間駐在所,382035,愛媛県,宇和島市,三間町宮野下,2019-05-01,07,駐車（輪）場,20歳代,その他,施錠せず
窃盗,自転車盗,宇和島,鬼北交番,384887,愛媛県,鬼北町,大字近永,2019-10-22,07,駐車（輪）場,40歳代,その他,施錠せず
窃盗,自転車盗,宇和島,鬼北交番,384887,愛媛県,鬼北町,大字永野市,2019-12-04,11,駐車（輪）場,20歳代,その他,施錠せず
窃盗,自転車盗,松山南,石井交番,382019,愛媛県,松山市,,2019-05-11,17,駐車（輪）場,40歳代,その他,施錠せず
窃盗,自転車盗,松山南,石井交番,382019,愛媛県,松山市,和泉北４丁目,2019-08-31,17,駐車（輪）場,10歳代,その他,施錠せず
窃盗,自転車盗,松山南,石井交番,382019,愛媛県,松山市,土居町,2019-08-29,18,４階建て以上共同住宅,10歳代,小学生,施錠せず
窃盗,自転車盗,松山南,石井交番,382019,愛媛県,松山市,古川北３丁目,2019-05-10,20,その他,50歳代,その他,施錠せず
窃盗,自転車盗,松山南,石井交番,382019,愛媛県,松山市,西石井１丁目,2018-12-28,18,駐車（輪）場,20歳代,その他,施錠せず
窃盗,自転車盗,松山南,石井交番,382019,愛媛県,松山市,西石井２丁目,2019-12-07,02,道路上,70歳以上,その他,施錠せず
窃盗,自転車盗,松山南,石井交番,382019,愛媛県,松山市,東石井４丁目,2019-12-17,19,その他の住宅（３階建て以下共同住宅等）,10歳代,小学生,施錠せず
窃盗,自転車盗,松山南,石井交番,382019,愛媛県,松山市,東石井５丁目,2019-10-25,20,４階建て以上共同住宅,20歳代,その他,施錠せず
窃盗,自転車盗,松山南,石井交番,382019,愛媛県,松山市,居相３丁目,2019-01-17,09,一戸建住宅,10歳代,中学生,施錠せず
窃盗,自転車盗,松山南,石井交番,382019,愛媛県,松山市,北井門２丁目,2019-05-25,19,駐車（輪）場,10歳代,その他,施錠せず
窃盗,自転車盗,松山南,石井交番,382019,愛媛県,松山市,北井門５丁目,2019-06-02,00,駐車（輪）場,50歳代,その他,施錠せず
窃盗,自転車盗,松山南,石井交番,382019,愛媛県,松山市,星岡４丁目,2019-11-30,16,その他の住宅（３階建て以下共同住宅等）,10歳代,中学生,施錠せず
窃盗,自転車盗,松山南,石井交番,382019,愛媛県,松山市,北土居３丁目,2019-01-25,20,駐車（輪）場,20歳代,その他,施錠せず
窃盗,自転車盗,松山南,石井交番,382019,愛媛県,松山市,北土居３丁目,2019-05-27,05,その他,30歳代,その他,施錠せず
窃盗,自転車盗,松山南,久米交番,382019,愛媛県,松山市,北久米町,2019-03-24,19,その他,10歳代,高校生,施錠せず
窃盗,自転車盗,松山南,久米交番,382019,愛媛県,松山市,北久米町,2019-10-20,16,道路上,10歳代,小学生,施錠せず
窃盗,自転車盗,松山南,久米交番,382019,愛媛県,松山市,高井町,2019-04-20,15,その他の住宅（３階建て以下共同住宅等）,20歳代,その他,施錠せず
窃盗,自転車盗,松山南,久米交番,382019,愛媛県,松山市,鷹子町,2019-01-20,07,駐車（輪）場,20歳代,大学生,施錠せず
窃盗,自転車盗,松山南,久米交番,382019,愛媛県,松山市,鷹子町,2019-03-19,07,駐車（輪）場,30歳代,その他,施錠せず
窃盗,自転車盗,松山南,久米交番,382019,愛媛県,松山市,鷹子町,2019-12-14,13,その他の住宅（３階建て以下共同住宅等）,50歳代,その他,施錠せず
窃盗,自転車盗,松山南,久米交番,382019,愛媛県,松山市,福音寺町,2019-02-26,07,駐車（輪）場,10歳代,高校生,施錠せず
窃盗,自転車盗,松山南,久米交番,382019,愛媛県,松山市,福音寺町,2019-03-27,08,駐車（輪）場,10歳代,中学生,施錠せず
窃盗,自転車盗,松山南,久米交番,382019,愛媛県,松山市,福音寺町,2019-07-28,07,駐車（輪）場,10歳代,高校生,施錠せず
窃盗,自転車盗,松山南,久米交番,382019,愛媛県,松山市,福音寺町,2019-09-08,15,道路上,10歳代,中学生,施錠せず
窃盗,自転車盗,松山南,久米交番,382019,愛媛県,松山市,福音寺町,2019-10-02,11,駐車（輪）場,20歳代,その他,施錠せず
窃盗,自転車盗,松山南,久米交番,382019,愛媛県,松山市,福音寺町,2019-12-20,19,その他,10歳代,中学生,施錠せず
窃盗,自転車盗,松山南,久米交番,382019,愛媛県,松山市,南久米町,2018-12-10,16,駐車（輪）場,10歳代,小学生,施錠せず
窃盗,自転車盗,松山南,久米交番,382019,愛媛県,松山市,南久米町,2018-12-10,16,駐車（輪）場,10歳代,小学生,施錠せず
窃盗,自転車盗,松山南,久米交番,382019,愛媛県,松山市,南久米町,2019-04-08,21,その他の住宅（３階建て以下共同住宅等）,10歳代,その他,施錠せず
窃盗,自転車盗,松山南,久米交番,382019,愛媛県,松山市,南久米町,2019-07-29,08,駐車（輪）場,10歳代,高校生,施錠せず
窃盗,自転車盗,松山南,久米交番,382019,愛媛県,松山市,南久米町,2019-12-16,17,その他,10歳代,小学生,施錠せず
窃盗,自転車盗,松山南,浮穴駐在所,382019,愛媛県,松山市,森松町,2019-01-19,22,駐車（輪）場,10歳代,高校生,施錠せず
窃盗,自転車盗,松山南,浮穴駐在所,382019,愛媛県,松山市,森松町,2019-10-03,20,駐車（輪）場,10歳代,高校生,施錠せず
窃盗,自転車盗,松山南,小野交番,382019,愛媛県,松山市,平井町,2019-08-08,19,一戸建住宅,10歳代,小学生,施錠せず
窃盗,自転車盗,松山南,小野交番,382019,愛媛県,松山市,平井町,2019-09-08,07,その他,10歳代,その他,施錠せず
窃盗,自転車盗,松山南,久谷駐在所,382019,愛媛県,松山市,上野町,2019-08-12,11,一戸建住宅,10歳代,小学生,施錠せず
窃盗,自転車盗,松山南,久谷駐在所,382019,愛媛県,松山市,恵原町,2019-10-10,15,一戸建住宅,30歳代,その他,施錠せず
窃盗,自転車盗,松山南,重信交番,382159,愛媛県,東温市,志津川,2019-05-21,07,その他,10歳代,高校生,施錠せず
窃盗,自転車盗,松山南,重信交番,382159,愛媛県,東温市,志津川,2019-06-17,14,駐車（輪）場,10歳代,大学生,施錠せず
窃盗,自転車盗,松山南,重信交番,382159,愛媛県,東温市,樋口,2019-11-11,19,駐車（輪）場,20歳代,大学生,施錠せず
窃盗,自転車盗,松山南,重信交番,382159,愛媛県,東温市,見奈良,2019-03-03,17,その他の住宅（３階建て以下共同住宅等）,10歳代,高校生,施錠せず
窃盗,自転車盗,松山南,重信交番,382159,愛媛県,東温市,見奈良,2019-07-20,17,その他,50歳代,その他,施錠せず
窃盗,自転車盗,松山南,重信交番,382159,愛媛県,東温市,横河原,2019-01-09,07,駐車（輪）場,10歳代,高校生,施錠せず
窃盗,自転車盗,松山南,重信交番,382159,愛媛県,東温市,横河原,2019-07-08,07,その他,10歳代,高校生,施錠せず
窃盗,自転車盗,松山南,朝生田交番,382019,愛媛県,松山市,朝生田町１丁目,2019-01-11,18,駐車（輪）場,40歳代,その他,施錠せず
窃盗,自転車盗,松山南,朝生田交番,382019,愛媛県,松山市,朝生田町２丁目,2019-09-12,03,道路上,50歳代,その他,施錠せず
窃盗,自転車盗,松山南,朝生田交番,382019,愛媛県,松山市,朝生田町５丁目,2019-01-20,11,駐車（輪）場,10歳代,高校生,施錠せず
窃盗,自転車盗,松山南,朝生田交番,382019,愛媛県,松山市,朝生田町６丁目,2019-01-12,14,駐車（輪）場,10歳代,中学生,施錠せず
窃盗,自転車盗,松山南,朝生田交番,382019,愛媛県,松山市,市坪北１丁目,2019-11-04,20,駐車（輪）場,10歳代,中学生,施錠せず
窃盗,自転車盗,松山南,朝生田交番,382019,愛媛県,松山市,古川北２丁目,2019-04-01,09,駐車（輪）場,40歳代,その他,施錠せず
窃盗,自転車盗,松山南,朝生田交番,382019,愛媛県,松山市,古川西１丁目,2019-07-20,13,駐車（輪）場,40歳代,その他,施錠せず
窃盗,自転車盗,松山南,朝生田交番,382019,愛媛県,松山市,古川南３丁目,2019-10-16,17,駐車（輪）場,70歳以上,その他,施錠せず
窃盗,自転車盗,松山南,朝生田交番,382019,愛媛県,松山市,天山１丁目,2019-09-11,14,その他,60-64歳,その他,施錠せず
窃盗,自転車盗,松山南,朝生田交番,382019,愛媛県,松山市,和泉南３丁目,2019-08-24,17,駐車（輪）場,40歳代,その他,施錠せず
窃盗,自転車盗,松山南,朝生田交番,382019,愛媛県,松山市,和泉南６丁目,2019-12-24,21,一戸建住宅,10歳代,中学生,施錠せず
