ί–Ό,θϋ,Ηx@i”­¶’nj,Ηπ”ΤE’“έi”­¶’nj,s‹ζ’¬‘ΊƒR[ƒhi”­¶’nj,“s“Ή•{§i”­¶’nj,s‹ζ’¬‘Ίi”­¶’nj,’¬’–Ϊi”­¶’nj,”­¶”N“ϊinϊj,”­¶inϊj,”­¶κ‚Μ‘®«,{ωΦW,»‹ΰ”νQ‚Μ—L–³
ή“,Τγ‚Λ‚η‚Ά,l‘’†‰›,O“‡π”Τ,382132,¤•Q§,l‘’†‰›s,’†‘]’¬,2019-02-22,17,’“Τi—Φjκ,{ω‚µ‚½,‚Θ‚µ
ή“,Τγ‚Λ‚η‚Ά,l‘’†‰›,O“‡π”Τ,382132,¤•Q§,l‘’†‰›s,’†‘]’¬,2019-11-12,17,’“Τi—Φjκ,{ω‚µ‚½,‚ ‚θ
ή“,Τγ‚Λ‚η‚Ά,l‘’†‰›,O“‡π”Τ,382132,¤•Q§,l‘’†‰›s,O“‡’©“ϊ‚P’–Ϊ,2019-11-10,19,’“Τi—Φjκ,{ω‚µ‚½,‚Θ‚µ
ή“,Τγ‚Λ‚η‚Ά,l‘’†‰›,μ”V]π”Τ,382132,¤•Q§,l‘’†‰›s,μ”V]’¬,2019-11-09,08,’“Τi—Φjκ,{ω‚µ‚½,‚ ‚θ
ή“,Τγ‚Λ‚η‚Ά,V‹•l,‘O“cπ”Τ,382051,¤•Q§,V‹•ls,‘O“c’¬,2019-06-17,12,’“Τi—Φjκ,{ω‚µ‚½,‚Θ‚µ
ή“,Τγ‚Λ‚η‚Ά,V‹•l,V‹•l‰w‘Oπ”Τ,382051,¤•Q§,V‹•ls,―“ΰ’¬‚U’–Ϊ,2019-04-30,08,’“Τi—Φjκ,{ω‚µ‚½,‚ ‚θ
ή“,Τγ‚Λ‚η‚Ά,Όπ,_Λ’“έ,382060,¤•Q§,Όπs,F”V“ΰb,2019-03-28,16,’“Τi—Φjκ,{ω‚µ‚½,‚ ‚θ
ή“,Τγ‚Λ‚η‚Ά,ΌπΌ,‰w‘Oπ”Τ,382060,¤•Q§,Όπs,ό•z,2019-02-09,11,’“Τi—Φjκ,{ω‚µ‚½,‚ ‚θ
ή“,Τγ‚Λ‚η‚Ά,ΌπΌ,‰w‘Oπ”Τ,382060,¤•Q§,Όπs,ό•z,2019-02-19,10,’“Τi—Φjκ,{ω‚µ‚½,‚ ‚θ
ή“,Τγ‚Λ‚η‚Ά,ΌπΌ,‰w‘Oπ”Τ,382060,¤•Q§,Όπs,ό•z,2019-03-13,10,’“Τi—Φjκ,{ω‚µ‚½,‚ ‚θ
ή“,Τγ‚Λ‚η‚Ά,ΌπΌ,‰w‘Oπ”Τ,382060,¤•Q§,Όπs,ό•z,2019-04-20,12,’“Τi—Φjκ,{ω‚µ‚½,‚ ‚θ
ή“,Τγ‚Λ‚η‚Ά,ΌπΌ,‰w‘Oπ”Τ,382060,¤•Q§,Όπs,ό•z,2019-04-24,13,‚»‚Μ‘Ό,{ω‚µ‚½,‚Θ‚µ
ή“,Τγ‚Λ‚η‚Ά,ΌπΌ,‹gδ’“έ,382060,¤•Q§,Όπs,L],2019-05-06,19,’“Τi—Φjκ,{ω‚µ‚½,‚ ‚θ
ή“,Τγ‚Λ‚η‚Ά,΅΅,®’¬π”Τ,382027,¤•Q§,΅΅s,“μ’Ή¶’¬‚R’–Ϊ,2019-09-11,15,’“Τi—Φjκ,{ω‚µ‚½,‚Θ‚µ
ή“,Τγ‚Λ‚η‚Ά,΅΅,”g~•l’“έ,382027,¤•Q§,΅΅s,‚•”,2019-04-21,22,’“Τi—Φjκ,{ω‚µ‚½,‚ ‚θ
ή“,Τγ‚Λ‚η‚Ά,΅΅,‹Κμ’“έ,382027,¤•Q§,΅΅s,‹Κμ’¬“έμ,2019-11-13,07,’“Τi—Φjκ,{ω‚µ‚½,‚Θ‚µ
ή“,Τγ‚Λ‚η‚Ά,ΌR“,‘εX“Ήπ”Τ,382019,¤•Q§,ΌRs,O”Τ’¬‚Q’–Ϊ,2019-02-05,19,“ΉHγ,{ω‚µ‚½,‚ ‚θ
ή“,Τγ‚Λ‚η‚Ά,ΌR“,ΌR‰w‘Oπ”Τ,382019,¤•Q§,ΌRs,¤υ’¬,2019-10-30,21,’“Τi—Φjκ,{ω‚µ‚½,‚Θ‚µ
ή“,Τγ‚Λ‚η‚Ά,ΌR“,ΌR‰w‘Oπ”Τ,382019,¤•Q§,ΌRs,¤υ’¬,2019-10-30,23,’“Τi—Φjκ,{ω‚µ‚½,‚ ‚θ
ή“,Τγ‚Λ‚η‚Ά,ΌR“,ΌR‰w‘Oπ”Τ,382019,¤•Q§,ΌRs,’©“ϊƒP‹u‚Q’–Ϊ,2019-11-12,21,’“Τi—Φjκ,{ω‚µ‚½,‚ ‚θ
ή“,Τγ‚Λ‚η‚Ά,ΌR“,ΌR‰w‘Oπ”Τ,382019,¤•Q§,ΌRs,¶Ξ’¬,2019-12-06,22,’“Τi—Φjκ,{ω‚µ‚½,‚ ‚θ
ή“,Τγ‚Λ‚η‚Ά,ΌR“,ΌR‰w‘Oπ”Τ,382019,¤•Q§,ΌRs,ίR‚T’–Ϊ,2019-11-12,22,’“Τi—Φjκ,{ω‚µ‚½,‚ ‚θ
ή“,Τγ‚Λ‚η‚Ά,ΌR“,ΌR‰w‘Oπ”Τ,382019,¤•Q§,ΌRs,’’¬,2019-10-30,19,’“Τi—Φjκ,{ω‚µ‚½,‚ ‚θ
ή“,Τγ‚Λ‚η‚Ά,ΌR“,ΌR‰w‘Oπ”Τ,382019,¤•Q§,ΌRs,”ό‘ς‚P’–Ϊ,2019-10-30,20,’“Τi—Φjκ,{ω‚µ‚½,‚ ‚θ
ή“,Τγ‚Λ‚η‚Ά,ΌR“,ΌR‰w‘Oπ”Τ,382019,¤•Q§,ΌRs,“μ]Λ‚P’–Ϊ,2019-12-06,16,’“Τi—Φjκ,{ω‚µ‚½,‚ ‚θ
ή“,Τγ‚Λ‚η‚Ά,ΌR“,“Ήγπ”Τ,382019,¤•Q§,ΌRs,“Ήγ“’’¬,2019-11-06,06,’“Τi—Φjκ,{ω‚µ‚½,‚ ‚θ
ή“,Τγ‚Λ‚η‚Ά,ΌR“,‘fκAπ”Τ,382019,¤•Q§,ΌRs,}Ό‚T’–Ϊ,2019-12-06,18,‚»‚Μ‘Ό‚ΜZ‘ξi‚RK‚ΔΘ‰Ί‹¤“―Z‘ξ“™j,{ω‚µ‚½,‚ ‚θ
ή“,Τγ‚Λ‚η‚Ά,ΌRΌ,–΅¶π”Τ,382019,¤•Q§,ΌRs,•x‹v’¬,2019-04-06,19,’“Τi—Φjκ,{ω‚µ‚½,‚Θ‚µ
ή“,Τγ‚Λ‚η‚Ά,Ι—\,‰w‘Oπ”Τ,382108,¤•Q§,Ι—\s,‰Ίαμ,2019-08-18,02,’“Τi—Φjκ,{ω‚µ‚½,‚Θ‚µ
ή“,Τγ‚Λ‚η‚Ά,Ι—\,’†‘Ί’“έ,382108,¤•Q§,Ι—\s,OH,2019-09-10,17,“ΉHγ,{ω‚µ‚½,‚ ‚θ
ή“,Τγ‚Λ‚η‚Ά,‘εF,“ΰqπ”Τ,384224,¤•Q§,“ΰq’¬,ά•S–Ψ,2019-05-02,17,’“Τi—Φjκ,{ω‚µ‚½,‚Θ‚µ
ή“,Τγ‚Λ‚η‚Ά,Ό—\,‚R’“έ,382141,¤•Q§,Ό—\s,–Ύ•l’¬“c”V•l,2019-11-16,17,’“Τi—Φjκ,{ω‚µ‚½,‚ ‚θ
ή“,Τγ‚Λ‚η‚Ά,Ό—\,O•r’“έ,382141,¤•Q§,Ό—\s,O•r’¬“ρ‹y,2019-12-07,17,’“Τi—Φjκ,{ω‚µ‚½,‚Θ‚µ
ή“,Τγ‚Λ‚η‚Ά,‰Fa“‡,‰w‘Oπ”Τ,382035,¤•Q§,‰Fa“‡s,Ϋ•δ’¬‚S’–Ϊ,2019-12-07,18,’“Τi—Φjκ,{ω‚µ‚½,‚ ‚θ
ή“,Τγ‚Λ‚η‚Ά,ΌR“μ,‹v•Δπ”Τ,382019,¤•Q§,ΌRs,—Z’¬,2019-12-06,23,‚SK‚ΔΘγ‹¤“―Z‘ξ,{ω‚µ‚½,‚ ‚θ
ή“,Τγ‚Λ‚η‚Ά,ΌR“μ,‹v•Δπ”Τ,382019,¤•Q§,ΌRs,“μ‹v•Δ’¬,2019-07-09,17,’“Τi—Φjκ,{ω‚µ‚½,‚Θ‚µ
ή“,Τγ‚Λ‚η‚Ά,ΌR“μ,•‚’“έ,382019,¤•Q§,ΌRs,“μ‚δ’¬,2019-12-09,08,‚»‚Μ‘Ό,{ω‚µ‚½,‚Θ‚µ
ή“,Τγ‚Λ‚η‚Ά,ΌR“μ,“u•”π”Τ,384020,¤•Q§,“u•”’¬,dυ,2019-12-23,18,‚»‚Μ‘Ό,{ω‚µ‚½,‚Θ‚µ
ή“,Τγ‚Λ‚η‚Ά,ΌR“μ,’©¶“cπ”Τ,382019,¤•Q§,ΌRs,s’Ψ“μ‚Q’–Ϊ,2019-10-11,21,’“Τi—Φjκ,{ω‚µ‚½,‚Θ‚µ
ή“,Τγ‚Λ‚η‚Ά,l‘’†‰›,O“‡π”Τ,382132,¤•Q§,l‘’†‰›s,¦μ’¬,2019-03-20,11,’“Τi—Φjκ,{ω‚Ή‚Έ,‚Θ‚µ
ή“,Τγ‚Λ‚η‚Ά,l‘’†‰›,O“‡π”Τ,382132,¤•Q§,l‘’†‰›s,’†‘]’¬,2019-03-26,01,’“Τi—Φjκ,{ω‚Ή‚Έ,‚ ‚θ
ή“,Τγ‚Λ‚η‚Ά,l‘’†‰›,O“‡π”Τ,382132,¤•Q§,l‘’†‰›s,’†‘]’¬,2019-08-08,15,’“Τi—Φjκ,{ω‚Ή‚Έ,‚ ‚θ
ή“,Τγ‚Λ‚η‚Ά,l‘’†‰›,O“‡π”Τ,382132,¤•Q§,l‘’†‰›s,’†‘]’¬,2019-11-15,09,’“Τi—Φjκ,{ω‚Ή‚Έ,‚ ‚θ
ή“,Τγ‚Λ‚η‚Ά,l‘’†‰›,O“‡π”Τ,382132,¤•Q§,l‘’†‰›s,’†”V―’¬,2019-07-03,20,“ΉHγ,{ω‚Ή‚Έ,‚Θ‚µ
ή“,Τγ‚Λ‚η‚Ά,l‘’†‰›,O“‡π”Τ,382132,¤•Q§,l‘’†‰›s,O“‡’©“ϊ‚R’–Ϊ,2019-03-23,13,’“Τi—Φjκ,{ω‚Ή‚Έ,‚ ‚θ
ή“,Τγ‚Λ‚η‚Ά,l‘’†‰›,O“‡π”Τ,382132,¤•Q§,l‘’†‰›s,O“‡’©“ϊ‚R’–Ϊ,2019-12-16,15,’“Τi—Φjκ,{ω‚Ή‚Έ,‚ ‚θ
ή“,Τγ‚Λ‚η‚Ά,l‘’†‰›,O“‡π”Τ,382132,¤•Q§,l‘’†‰›s,O“‡’†‰›‚R’–Ϊ,2019-10-13,20,’“Τi—Φjκ,{ω‚Ή‚Έ,‚Θ‚µ
ή“,Τγ‚Λ‚η‚Ά,l‘’†‰›,O“‡π”Τ,382132,¤•Q§,l‘’†‰›s,‘ΊΌ’¬,2019-07-22,10,‚»‚Μ‘Ό,{ω‚Ή‚Έ,‚ ‚θ
ή“,Τγ‚Λ‚η‚Ά,l‘’†‰›,μ”V]π”Τ,382132,¤•Q§,l‘’†‰›s,‹ΰ“c’¬‹ΰμ,2019-03-12,07,‚»‚Μ‘Ό,{ω‚Ή‚Έ,‚ ‚θ
ή“,Τγ‚Λ‚η‚Ά,l‘’†‰›,μ”V]π”Τ,382132,¤•Q§,l‘’†‰›s,‹ΰ“c’¬‹ΰμ,2019-07-07,17,’“Τi—Φjκ,{ω‚Ή‚Έ,‚ ‚θ
ή“,Τγ‚Λ‚η‚Ά,l‘’†‰›,μ”V]π”Τ,382132,¤•Q§,l‘’†‰›s,‹ΰ¶’¬‰Ί•,2019-09-29,14,’“Τi—Φjκ,{ω‚Ή‚Έ,‚ ‚θ
ή“,Τγ‚Λ‚η‚Ά,l‘’†‰›,μ”V]π”Τ,382132,¤•Q§,l‘’†‰›s,‹ΰ¶’¬‰Ί•,2019-12-03,09,‚»‚Μ‘Ό,{ω‚Ή‚Έ,‚ ‚θ
ή“,Τγ‚Λ‚η‚Ά,l‘’†‰›,μ”V]π”Τ,382132,¤•Q§,l‘’†‰›s,‹ΰ¶’¬R“cδ,2019-06-04,17,‚»‚Μ‘Ό,{ω‚Ή‚Έ,‚Θ‚µ
ή“,Τγ‚Λ‚η‚Ά,l‘’†‰›,μ”V]π”Τ,382132,¤•Q§,l‘’†‰›s,‰Ί”’¬,2019-12-08,01,’“Τi—Φjκ,{ω‚Ή‚Έ,‚ ‚θ
ή“,Τγ‚Λ‚η‚Ά,l‘’†‰›,μ”V]π”Τ,382132,¤•Q§,l‘’†‰›s,Θ’Ή’¬,2019-08-15,22,’“Τi—Φjκ,{ω‚Ή‚Έ,‚ ‚θ
ή“,Τγ‚Λ‚η‚Ά,l‘’†‰›,“y‹’“έ,382132,¤•Q§,l‘’†‰›s,“y‹’¬’†‘Ί,2019-05-10,18,’“Τi—Φjκ,{ω‚Ή‚Έ,‚ ‚θ
ή“,Τγ‚Λ‚η‚Ά,V‹•l,’†‰›π”Τ,382051,¤•Q§,V‹•ls,”Ι–{’¬,2019-01-29,19,’“Τi—Φjκ,{ω‚Ή‚Έ,‚Θ‚µ
ή“,Τγ‚Λ‚η‚Ά,V‹•l,’†‰›π”Τ,382051,¤•Q§,V‹•ls,”Ι–{’¬,2019-10-18,14,’“Τi—Φjκ,{ω‚Ή‚Έ,‚Θ‚µ
ή“,Τγ‚Λ‚η‚Ά,V‹•l,’†‰›π”Τ,382051,¤•Q§,V‹•ls,V{‰κ’¬‚Q’–Ϊ,2019-08-22,19,’“Τi—Φjκ,{ω‚Ή‚Έ,‚Θ‚µ
ή“,Τγ‚Λ‚η‚Ά,V‹•l,’†‰›π”Τ,382051,¤•Q§,V‹•ls,“Ών’¬,2019-03-30,23,’“Τi—Φjκ,{ω‚Ή‚Έ,‚ ‚θ
ή“,Τγ‚Λ‚η‚Ά,V‹•l,’†‰›π”Τ,382051,¤•Q§,V‹•ls,“Ών’¬,2019-10-30,06,’“Τi—Φjκ,{ω‚Ή‚Έ,‚ ‚θ
ή“,Τγ‚Λ‚η‚Ά,V‹•l,’†‰›π”Τ,382051,¤•Q§,V‹•ls,α…’¬‚Q’–Ϊ,2019-06-18,22,‚»‚Μ‘Ό,{ω‚Ή‚Έ,‚ ‚θ
ή“,Τγ‚Λ‚η‚Ά,V‹•l,‘O“cπ”Τ,382051,¤•Q§,V‹•ls,]ϋ’¬,2018-09-11,•s–Ύ,’“Τi—Φjκ,{ω‚Ή‚Έ,‚Θ‚µ
ή“,Τγ‚Λ‚η‚Ά,V‹•l,‘O“cπ”Τ,382051,¤•Q§,V‹•ls,]ϋ’¬,2018-09-21,•s–Ύ,’“Τi—Φjκ,{ω‚Ή‚Έ,‚Θ‚µ
ή“,Τγ‚Λ‚η‚Ά,V‹•l,‘O“cπ”Τ,382051,¤•Q§,V‹•ls,V“c’¬‚P’–Ϊ,2018-10-11,•s–Ύ,’“Τi—Φjκ,{ω‚Ή‚Έ,‚Θ‚µ
ή“,Τγ‚Λ‚η‚Ά,V‹•l,‘O“cπ”Τ,382051,¤•Q§,V‹•ls,Ό‚Μ“y‹’¬‚Q’–Ϊ,2019-09-30,00,’“Τi—Φjκ,{ω‚Ή‚Έ,‚ ‚θ
ή“,Τγ‚Λ‚η‚Ά,V‹•l,‘O“cπ”Τ,382051,¤•Q§,V‹•ls,‘O“c’¬,2019-01-03,12,’“Τi—Φjκ,{ω‚Ή‚Έ,‚Θ‚µ
ή“,Τγ‚Λ‚η‚Ά,V‹•l,‘O“cπ”Τ,382051,¤•Q§,V‹•ls,‘O“c’¬,2019-12-15,18,’“Τi—Φjκ,{ω‚Ή‚Έ,‚Θ‚µ
ή“,Τγ‚Λ‚η‚Ά,V‹•l,V‹•l‰w‘Oπ”Τ,382051,¤•Q§,V‹•ls,‹v•Ϋ“c’¬‚P’–Ϊ,2019-01-01,14,‚»‚Μ‘Ό,{ω‚Ή‚Έ,‚Θ‚µ
ή“,Τγ‚Λ‚η‚Ά,V‹•l,V‹•l‰w‘Oπ”Τ,382051,¤•Q§,V‹•ls,βδ’¬‚Q’–Ϊ,2019-06-28,16,’“Τi—Φjκ,{ω‚Ή‚Έ,‚Θ‚µ
ή“,Τγ‚Λ‚η‚Ά,V‹•l,V‹•l‰w‘Oπ”Τ,382051,¤•Q§,V‹•ls,βδ’¬‚Q’–Ϊ,2019-08-19,11,’“Τi—Φjκ,{ω‚Ή‚Έ,‚Θ‚µ
ή“,Τγ‚Λ‚η‚Ά,V‹•l,V‹•l‰w‘Oπ”Τ,382051,¤•Q§,V‹•ls,’†‘ΊΌ–Ψ‚Q’–Ϊ,2019-08-18,15,’“Τi—Φjκ,{ω‚Ή‚Έ,‚ ‚θ
ή“,Τγ‚Λ‚η‚Ά,V‹•l,‚’Γπ”Τ,382051,¤•Q§,V‹•ls,‹½‚P’–Ϊ,2018-10-11,•s–Ύ,’“Τi—Φjκ,{ω‚Ή‚Έ,‚Θ‚µ
ή“,Τγ‚Λ‚η‚Ά,V‹•l,‚’Γπ”Τ,382051,¤•Q§,V‹•ls,‹½‚P’–Ϊ,2018-10-21,•s–Ύ,’“Τi—Φjκ,{ω‚Ή‚Έ,‚Θ‚µ
ή“,Τγ‚Λ‚η‚Ά,V‹•l,‚’Γπ”Τ,382051,¤•Q§,V‹•ls,‘ς’Γ’¬‚Q’–Ϊ,2019-02-13,16,’“Τi—Φjκ,{ω‚Ή‚Έ,‚ ‚θ
ή“,Τγ‚Λ‚η‚Ά,V‹•l,‚’Γπ”Τ,382051,¤•Q§,V‹•ls,“‰_’¬‚R’–Ϊ,2019-02-27,21,“ΉHγ,{ω‚Ή‚Έ,‚ ‚θ
ή“,Τγ‚Λ‚η‚Ά,V‹•l,‹½’“έ,382051,¤•Q§,V‹•ls,‹½‚P’–Ϊ,2018-01-04,11,’“Τi—Φjκ,{ω‚Ή‚Έ,‚Θ‚µ
ή“,Τγ‚Λ‚η‚Ά,V‹•l,‹½’“έ,382051,¤•Q§,V‹•ls,‹½‚P’–Ϊ,2019-05-14,23,’“Τi—Φjκ,{ω‚Ή‚Έ,‚Θ‚µ
ή“,Τγ‚Λ‚η‚Ά,V‹•l,p–μπ”Τ,382051,¤•Q§,V‹•ls,υ’¬,2018-10-11,•s–Ύ,’“Τi—Φjκ,{ω‚Ή‚Έ,‚Θ‚µ
ή“,Τγ‚Λ‚η‚Ά,V‹•l,p–μπ”Τ,382051,¤•Q§,V‹•ls,υ’¬,2018-10-21,•s–Ύ,’“Τi—Φjκ,{ω‚Ή‚Έ,‚Θ‚µ
ή“,Τγ‚Λ‚η‚Ά,V‹•l,p–μπ”Τ,382051,¤•Q§,V‹•ls,’†‘Ί‚R’–Ϊ,2019-06-25,17,‚»‚Μ‘Ό,{ω‚Ή‚Έ,‚ ‚θ
ή“,Τγ‚Λ‚η‚Ά,V‹•l,p–μπ”Τ,382051,¤•Q§,V‹•ls,–{‹½‚R’–Ϊ,2019-02-17,15,’“Τi—Φjκ,{ω‚Ή‚Έ,‚ ‚θ
ή“,Τγ‚Λ‚η‚Ά,V‹•l,p–μπ”Τ,382051,¤•Q§,V‹•ls,–{‹½‚R’–Ϊ,2019-09-07,19,’“Τi—Φjκ,{ω‚Ή‚Έ,‚ ‚θ
ή“,Τγ‚Λ‚η‚Ά,V‹•l,p–μπ”Τ,382051,¤•Q§,V‹•ls,Ό΄’¬,2019-10-04,00,‚»‚Μ‘Ό,{ω‚Ή‚Έ,‚Θ‚µ
ή“,Τγ‚Λ‚η‚Ά,V‹•l,p–μπ”Τ,382051,¤•Q§,V‹•ls,““c‚Q’–Ϊ,2018-09-01,•s–Ύ,’“Τi—Φjκ,{ω‚Ή‚Έ,‚Θ‚µ
ή“,Τγ‚Λ‚η‚Ά,V‹•l,p–μπ”Τ,382051,¤•Q§,V‹•ls,““c‚Q’–Ϊ,2018-09-11,•s–Ύ,’“Τi—Φjκ,{ω‚Ή‚Έ,‚Θ‚µ
ή“,Τγ‚Λ‚η‚Ά,V‹•l,‘D–Ψ’“έ,382051,¤•Q§,V‹•ls,‘D–Ψ,2019-01-07,17,“ΉHγ,{ω‚Ή‚Έ,‚Θ‚µ
ή“,Τγ‚Λ‚η‚Ά,V‹•l,‘D–Ψ’“έ,382051,¤•Q§,V‹•ls,µ•σ‘δ’¬,2019-11-28,18,’“Τi—Φjκ,{ω‚Ή‚Έ,‚ ‚θ
ή“,Τγ‚Λ‚η‚Ά,V‹•l,‘D–Ψ’“έ,382051,¤•Q§,V‹•ls,µ•σ‘δ’¬,2019-12-13,20,’“Τi—Φjκ,{ω‚Ή‚Έ,‚ ‚θ
ή“,Τγ‚Λ‚η‚Ά,V‹•l,‘ε¶‰@’“έ,382051,¤•Q§,V‹•ls,”‹¶,2019-05-17,20,κΛZ‘ξ,{ω‚Ή‚Έ,‚ ‚θ
ή“,Τγ‚Λ‚η‚Ά,Όπ,O–{Όπ”Τ,382060,¤•Q§,Όπs,‘ε’¬,2019-10-13,16,’“Τi—Φjκ,{ω‚Ή‚Έ,‚ ‚θ
ή“,Τγ‚Λ‚η‚Ά,Όπ,O–{Όπ”Τ,382060,¤•Q§,Όπs,_”q‰³,2019-12-13,17,κΛZ‘ξ,{ω‚Ή‚Έ,‚Θ‚µ
ή“,Τγ‚Λ‚η‚Ά,Όπ,O–{Όπ”Τ,382060,¤•Q§,Όπs,_”qb,2019-08-17,19,’“Τi—Φjκ,{ω‚Ή‚Έ,‚Θ‚µ
ή“,Τγ‚Λ‚η‚Ά,Όπ,O–{Όπ”Τ,382060,¤•Q§,Όπs,_”qb,2019-09-21,17,’“Τi—Φjκ,{ω‚Ή‚Έ,‚ ‚θ
ή“,Τγ‚Λ‚η‚Ά,Όπ,O–{Όπ”Τ,382060,¤•Q§,Όπs,μ‘½μ,2018-12-26,21,’“Τi—Φjκ,{ω‚Ή‚Έ,‚ ‚θ
ή“,Τγ‚Λ‚η‚Ά,Όπ,O–{Όπ”Τ,382060,¤•Q§,Όπs,μ‘½μ,2019-12-19,16,’“Τi—Φjκ,{ω‚Ή‚Έ,‚Θ‚µ
ή“,Τγ‚Λ‚η‚Ά,Όπ,O–{Όπ”Τ,382060,¤•Q§,Όπs,V“c,2019-04-04,18,’“Τi—Φjκ,{ω‚Ή‚Έ,‚ ‚θ
ή“,Τγ‚Λ‚η‚Ά,Όπ,O–{Όπ”Τ,382060,¤•Q§,Όπs,ρ“ϊs,2019-06-17,20,’“Τi—Φjκ,{ω‚Ή‚Έ,‚Θ‚µ
ή“,Τγ‚Λ‚η‚Ά,Όπ,‰w‘Oπ”Τ,382060,¤•Q§,Όπs,‘ε’¬,2019-06-13,13,’“Τi—Φjκ,{ω‚Ή‚Έ,‚ ‚θ
ή“,Τγ‚Λ‚η‚Ά,Όπ,‰w‘Oπ”Τ,382060,¤•Q§,Όπs,μ‘½μ,2019-10-04,19,’“Τi—Φjκ,{ω‚Ή‚Έ,‚ ‚θ
ή“,Τγ‚Λ‚η‚Ά,Όπ,‰w‘Oπ”Τ,382060,¤•Q§,Όπs,‹Κ’Γ,2019-09-25,19,’“Τi—Φjκ,{ω‚Ή‚Έ,‚Θ‚µ
ή“,Τγ‚Λ‚η‚Ά,Όπ,‹Κ’Γ’“έ,382060,¤•Q§,Όπs,‰Ί“‡Rb,2018-12-31,14,’“Τi—Φjκ,{ω‚Ή‚Έ,‚Θ‚µ
ή“,Τγ‚Λ‚η‚Ά,Όπ,‹Κ’Γ’“έ,382060,¤•Q§,Όπs,‹Κ’Γ,2019-11-30,17,κΛZ‘ξ,{ω‚Ή‚Έ,‚Θ‚µ
ή“,Τγ‚Λ‚η‚Ά,Όπ,”Ρ‰’“έ,382060,¤•Q§,Όπs,”Ρ‰,2019-09-19,16,’“Τi—Φjκ,{ω‚Ή‚Έ,‚ ‚θ
ή“,Τγ‚Λ‚η‚Ά,Όπ,•X©’“έ,382060,¤•Q§,Όπs,•X©‰³,2019-08-16,18,’“Τi—Φjκ,{ω‚Ή‚Έ,‚Θ‚µ
ή“,Τγ‚Λ‚η‚Ά,ΌπΌ,,382051,¤•Q§,V‹•ls,““c‚P’–Ϊ,2019-09-23,22,’“Τi—Φjκ,{ω‚Ή‚Έ,‚ ‚θ
ή“,Τγ‚Λ‚η‚Ά,ΌπΌ,‰w‘Oπ”Τ,382060,¤•Q§,Όπs,,2019-08-18,17,‚»‚Μ‘Ό,{ω‚Ή‚Έ,‚Θ‚µ
ή“,Τγ‚Λ‚η‚Ά,ΌπΌ,‰w‘Oπ”Τ,382060,¤•Q§,Όπs,ό•z,2019-03-23,09,‚»‚Μ‘Ό,{ω‚Ή‚Έ,‚ ‚θ
ή“,Τγ‚Λ‚η‚Ά,ΌπΌ,‰w‘Oπ”Τ,382060,¤•Q§,Όπs,ό•z,2019-08-18,17,‚»‚Μ‘Ό,{ω‚Ή‚Έ,‚Θ‚µ
ή“,Τγ‚Λ‚η‚Ά,ΌπΌ,‰w‘Oπ”Τ,382060,¤•Q§,Όπs,O’Γ‰®“μ,2019-03-08,11,’“Τi—Φjκ,{ω‚Ή‚Έ,‚Θ‚µ
ή“,Τγ‚Λ‚η‚Ά,ΌπΌ,‰w‘Oπ”Τ,382060,¤•Q§,Όπs,‹g“c,2019-04-26,08,’“Τi—Φjκ,{ω‚Ή‚Έ,‚ ‚θ
ή“,Τγ‚Λ‚η‚Ά,ΌπΌ,‰w‘Oπ”Τ,382060,¤•Q§,Όπs,‹g“c,2019-12-14,07,’“Τi—Φjκ,{ω‚Ή‚Έ,‚ ‚θ
ή“,Τγ‚Λ‚η‚Ά,ΌπΌ,‹gδ’“έ,382060,¤•Q§,Όπs,΅έ‰Ζ,2019-10-11,16,κΛZ‘ξ,{ω‚Ή‚Έ,‚ ‚θ
ή“,Τγ‚Λ‚η‚Ά,ΌπΌ,O–F’“έ,382060,¤•Q§,Όπs,ΐ•ρ›,2019-07-30,17,’“Τi—Φjκ,{ω‚Ή‚Έ,‚ ‚θ
ή“,Τγ‚Λ‚η‚Ά,ΌπΌ,O–F’“έ,382060,¤•Q§,Όπs,O–F,2019-04-23,09,‚»‚Μ‘Ό,{ω‚Ή‚Έ,‚ ‚θ
ή“,Τγ‚Λ‚η‚Ά,ΌπΌ,¬Ό’“έ,382060,¤•Q§,Όπs,¬Ό’¬V‰®•~,2019-05-20,09,’“Τi—Φjκ,{ω‚Ή‚Έ,‚ ‚θ
ή“,Τγ‚Λ‚η‚Ά,ΌπΌ,’O΄’“έ,382060,¤•Q§,Όπs,’O΄’¬’r“c,2019-01-12,12,“ΉHγ,{ω‚Ή‚Έ,‚Θ‚µ
ή“,Τγ‚Λ‚η‚Ά,ΌπΌ,’O΄’“έ,382060,¤•Q§,Όπs,’O΄’¬Ξo,2019-03-06,20,’“Τi—Φjκ,{ω‚Ή‚Έ,‚ ‚θ
ή“,Τγ‚Λ‚η‚Ά,΅΅,…γπ”Τ,382027,¤•Q§,΅΅s,,2019-10-15,14,’“Τi—Φjκ,{ω‚Ή‚Έ,‚Θ‚µ
ή“,Τγ‚Λ‚η‚Ά,΅΅,…γπ”Τ,382027,¤•Q§,΅΅s,b”ό{’¬‚P’–Ϊ,2019-07-23,19,’“Τi—Φjκ,{ω‚Ή‚Έ,‚ ‚θ
ή“,Τγ‚Λ‚η‚Ά,΅΅,…γπ”Τ,382027,¤•Q§,΅΅s,•Π΄’¬‚Q’–Ϊ,2019-10-03,18,’“Τi—Φjκ,{ω‚Ή‚Έ,‚Θ‚µ
ή“,Τγ‚Λ‚η‚Ά,΅΅,…γπ”Τ,382027,¤•Q§,΅΅s,“V•ΫR’¬‚S’–Ϊ,2019-10-17,13,‚»‚Μ‘Ό,{ω‚Ή‚Έ,‚Θ‚µ
ή“,Τγ‚Λ‚η‚Ά,΅΅,…γπ”Τ,382027,¤•Q§,΅΅s,’Κ’¬‚P’–Ϊ,2019-10-30,15,‚»‚Μ‘Ό,{ω‚Ή‚Έ,‚Θ‚µ
ή“,Τγ‚Λ‚η‚Ά,΅΅,…γπ”Τ,382027,¤•Q§,΅΅s,“–ε’¬‚S’–Ϊ,2019-05-30,12,“ΉHγ,{ω‚Ή‚Έ,‚ ‚θ
ή“,Τγ‚Λ‚η‚Ά,΅΅,…γπ”Τ,382027,¤•Q§,΅΅s,“–ε’¬‚T’–Ϊ,2019-09-19,17,’“Τi—Φjκ,{ω‚Ή‚Έ,‚Θ‚µ
ή“,Τγ‚Λ‚η‚Ά,΅΅,…γπ”Τ,382027,¤•Q§,΅΅s,”ό•Ϋ’¬‚P’–Ϊ,2019-05-16,12,“ΉHγ,{ω‚Ή‚Έ,‚ ‚θ
ή“,Τγ‚Λ‚η‚Ά,΅΅,‰w‘Oπ”Τ,382027,¤•Q§,΅΅s,ςμ’¬‚Q’–Ϊ,2019-06-28,12,’“Τi—Φjκ,{ω‚Ή‚Έ,‚Θ‚µ
ή“,Τγ‚Λ‚η‚Ά,΅΅,‰w‘Oπ”Τ,382027,¤•Q§,΅΅s,–k“ϊ‹g’¬‚R’–Ϊ,2019-04-22,19,‚»‚Μ‘Ό,{ω‚Ή‚Έ,‚Θ‚µ
ή“,Τγ‚Λ‚η‚Ά,΅΅,‰w‘Oπ”Τ,382027,¤•Q§,΅΅s,‘ε³’¬‚P’–Ϊ,2019-05-02,19,“ΉHγ,{ω‚Ή‚Έ,‚ ‚θ
ή“,Τγ‚Λ‚η‚Ά,΅΅,‰w‘Oπ”Τ,382027,¤•Q§,΅΅s,ν”Υ’¬‚V’–Ϊ,2019-03-15,15,’“Τi—Φjκ,{ω‚Ή‚Έ,‚Θ‚µ
ή“,Τγ‚Λ‚η‚Ά,΅΅,‰w‘Oπ”Τ,382027,¤•Q§,΅΅s,•Κ‹{’¬‚U’–Ϊ,2019-11-26,20,’“Τi—Φjκ,{ω‚Ή‚Έ,‚ ‚θ
ή“,Τγ‚Λ‚η‚Ά,΅΅,®’¬π”Τ,382027,¤•Q§,΅΅s,®’¬‚P’–Ϊ,2019-08-17,14,’“Τi—Φjκ,{ω‚Ή‚Έ,‚Θ‚µ
ή“,Τγ‚Λ‚η‚Ά,΅΅,®’¬π”Τ,382027,¤•Q§,΅΅s,–k‚‰Ί’¬‚R’–Ϊ,2019-09-24,06,‚»‚Μ‘Ό,{ω‚Ή‚Έ,‚Θ‚µ
ή“,Τγ‚Λ‚η‚Ά,΅΅,®’¬π”Τ,382027,¤•Q§,΅΅s,–k’Ή¶’¬‚R’–Ϊ,2019-10-02,20,’“Τi—Φjκ,{ω‚Ή‚Έ,‚Θ‚µ
ή“,Τγ‚Λ‚η‚Ά,΅΅,®’¬π”Τ,382027,¤•Q§,΅΅s,ί±’¬‚R’–Ϊ,2019-05-27,21,’“Τi—Φjκ,{ω‚Ή‚Έ,‚ ‚θ
ή“,Τγ‚Λ‚η‚Ά,΅΅,®’¬π”Τ,382027,¤•Q§,΅΅s,‰©‹ΰ’¬‚T’–Ϊ,2019-07-17,10,“ΉHγ,{ω‚Ή‚Έ,‚Θ‚µ
ή“,Τγ‚Λ‚η‚Ά,΅΅,®’¬π”Τ,382027,¤•Q§,΅΅s,“μ’Ή¶’¬‚R’–Ϊ,2019-09-13,15,’“Τi—Φjκ,{ω‚Ή‚Έ,‚Θ‚µ
ή“,Τγ‚Λ‚η‚Ά,΅΅,”g~•l’“έ,382027,¤•Q§,΅΅s,,2019-08-01,18,’“Τi—Φjκ,{ω‚Ή‚Έ,‚ ‚θ
ή“,Τγ‚Λ‚η‚Ά,΅΅,”g~•l’“έ,382027,¤•Q§,΅΅s,‚•”,2019-01-10,23,’“Τi—Φjκ,{ω‚Ή‚Έ,‚ ‚θ
ή“,Τγ‚Λ‚η‚Ά,΅΅,“ϊ‚π”Τ,382027,¤•Q§,΅΅s,•ΠR‚R’–Ϊ,2019-05-26,17,’“Τi—Φjκ,{ω‚Ή‚Έ,‚ ‚θ
ή“,Τγ‚Λ‚η‚Ά,΅΅,“ϊ‚π”Τ,382027,¤•Q§,΅΅s,ν”Υ’¬‚W’–Ϊ,2019-10-22,16,’“Τi—Φjκ,{ω‚Ή‚Έ,‚ ‚θ
ή“,Τγ‚Λ‚η‚Ά,΅΅,“ϊ‚π”Τ,382027,¤•Q§,΅΅s,‚Ι‚¬‚ν‚ΆLκ,2019-08-04,12,‚»‚Μ‘Ό,{ω‚Ή‚Έ,‚Θ‚µ
ή“,Τγ‚Λ‚η‚Ά,΅΅,΄…’“έ,382027,¤•Q§,΅΅s,’†›,2019-07-06,17,‚»‚Μ‘Ό,{ω‚Ή‚Έ,‚Θ‚µ
ή“,Τγ‚Λ‚η‚Ά,΅΅,΄…’“έ,382027,¤•Q§,΅΅s,V’J,2019-07-15,02,‚»‚Μ‘Ό,{ω‚Ή‚Έ,‚Θ‚µ
ή“,Τγ‚Λ‚η‚Ά,΅΅,•x“c’“έ,382027,¤•Q§,΅΅s,γ“Ώ,2019-05-04,00,’“Τi—Φjκ,{ω‚Ή‚Έ,‚ ‚θ
ή“,Τγ‚Λ‚η‚Ά,΅΅,•x“c’“έ,382027,¤•Q§,΅΅s,“‘Ί‚P’–Ϊ,2019-02-25,17,’“Τi—Φjκ,{ω‚Ή‚Έ,‚Θ‚µ
ή“,Τγ‚Λ‚η‚Ά,΅΅,χδ’“έ,382027,¤•Q§,΅΅s,“’ƒm‰Y,2019-05-23,18,‚SK‚ΔΘγ‹¤“―Z‘ξ,{ω‚Ή‚Έ,‚Θ‚µ
ή“,Τγ‚Λ‚η‚Ά,΅΅,’©‘q’“έ,382027,¤•Q§,΅΅s,’©‘qγ,2019-12-10,07,’“Τi—Φjκ,{ω‚Ή‚Έ,‚ ‚θ
ή“,Τγ‚Λ‚η‚Ά,΅΅,’©‘q’“έ,382027,¤•Q§,΅΅s,’©‘q–k,2019-03-26,17,κΛZ‘ξ,{ω‚Ή‚Έ,‚ ‚θ
ή“,Τγ‚Λ‚η‚Ά,΅΅,’©‘q’“έ,382027,¤•Q§,΅΅s,’©‘q“μb,2019-08-07,23,κΛZ‘ξ,{ω‚Ή‚Έ,‚ ‚θ
ή“,Τγ‚Λ‚η‚Ά,΅΅,”g•ϋ’“έ,382027,¤•Q§,΅΅s,”g•ϋ’¬”σϋ,2019-05-28,18,’“Τi—Φjκ,{ω‚Ή‚Έ,‚ ‚θ
ή“,Τγ‚Λ‚η‚Ά,΅΅,‹eΤ’“έ,382027,¤•Q§,΅΅s,‹eΤ’¬²•ϋ,2019-01-08,12,“ΉHγ,{ω‚Ή‚Έ,‚ ‚θ
ή“,Τγ‚Λ‚η‚Ά,΅΅,‹eΤ’“έ,382027,¤•Q§,΅΅s,‹eΤ’¬“c”VK,2019-01-05,06,“ΉHγ,{ω‚Ή‚Έ,‚ ‚θ
ή“,Τγ‚Λ‚η‚Ά,΅΅,‹eΤ’“έ,382027,¤•Q§,΅΅s,‹eΤ’¬•l,2019-06-11,10,’“Τi—Φjκ,{ω‚Ή‚Έ,‚ ‚θ
ή“,Τγ‚Λ‚η‚Ά,΅΅,‹eΤ’“έ,382027,¤•Q§,΅΅s,‹eΤ’¬•l,2019-11-26,08,‚»‚Μ‘Ό,{ω‚Ή‚Έ,‚ ‚θ
ή“,Τγ‚Λ‚η‚Ά,΅΅,“‚q‘δ’“έ,382027,¤•Q§,΅΅s,“‚q‘δ“‚P’–Ϊ,2019-09-22,03,κΛZ‘ξ,{ω‚Ή‚Έ,‚ ‚θ
ή“,Τγ‚Λ‚η‚Ά,΅΅,“‚q‘δ’“έ,382027,¤•Q§,΅΅s,‘•‚P’–Ϊ,2019-09-06,09,’“Τi—Φjκ,{ω‚Ή‚Έ,‚ ‚θ
ή“,Τγ‚Λ‚η‚Ά,”•ϋ,‹|ν’“έ,383562,¤•Q§,γ“‡’¬,‹|ν“ϊ”δ,2019-04-07,16,’“Τi—Φjκ,{ω‚Ή‚Έ,‚Θ‚µ
ή“,Τγ‚Λ‚η‚Ά,ΌR“,κ”Τ’¬π”Τ,382019,¤•Q§,ΌRs,κ”Τ’¬‚Q’–Ϊ,2019-04-06,18,’“Τi—Φjκ,{ω‚Ή‚Έ,‚Θ‚µ
ή“,Τγ‚Λ‚η‚Ά,ΌR“,κ”Τ’¬π”Τ,382019,¤•Q§,ΌRs,κ”Τ’¬‚Q’–Ϊ,2019-06-25,01,“ΉHγ,{ω‚Ή‚Έ,‚ ‚θ
ή“,Τγ‚Λ‚η‚Ά,ΌR“,κ”Τ’¬π”Τ,382019,¤•Q§,ΌRs,κ”Τ’¬‚Q’–Ϊ,2019-10-16,17,“ΉHγ,{ω‚Ή‚Έ,‚ ‚θ
ή“,Τγ‚Λ‚η‚Ά,ΌR“,κ”Τ’¬π”Τ,382019,¤•Q§,ΌRs,‘εX“Ή‚Q’–Ϊ,2019-11-05,19,“ΉHγ,{ω‚Ή‚Έ,‚ ‚θ
ή“,Τγ‚Λ‚η‚Ά,ΌR“,κ”Τ’¬π”Τ,382019,¤•Q§,ΌRs,‘εX“Ή‚Q’–Ϊ,2019-12-11,16,’“Τi—Φjκ,{ω‚Ή‚Έ,‚Θ‚µ
ή“,Τγ‚Λ‚η‚Ά,ΌR“,κ”Τ’¬π”Τ,382019,¤•Q§,ΌRs,‘εX“Ή‚Q’–Ϊ,2019-12-19,22,“ΉHγ,{ω‚Ή‚Έ,‚ ‚θ
ή“,Τγ‚Λ‚η‚Ά,ΌR“,κ”Τ’¬π”Τ,382019,¤•Q§,ΌRs,“‰_’¬,2019-01-29,00,’“Τi—Φjκ,{ω‚Ή‚Έ,‚ ‚θ
ή“,Τγ‚Λ‚η‚Ά,ΌR“,κ”Τ’¬π”Τ,382019,¤•Q§,ΌRs,“‰_’¬,2019-02-20,05,’“Τi—Φjκ,{ω‚Ή‚Έ,‚ ‚θ
ή“,Τγ‚Λ‚η‚Ά,ΌR“,κ”Τ’¬π”Τ,382019,¤•Q§,ΌRs,“ρ”Τ’¬‚P’–Ϊ,2019-03-20,13,“ΉHγ,{ω‚Ή‚Έ,‚Θ‚µ
ή“,Τγ‚Λ‚η‚Ά,ΌR“,κ”Τ’¬π”Τ,382019,¤•Q§,ΌRs,“ρ”Τ’¬‚P’–Ϊ,2019-04-14,04,“ΉHγ,{ω‚Ή‚Έ,‚Θ‚µ
ή“,Τγ‚Λ‚η‚Ά,ΌR“,κ”Τ’¬π”Τ,382019,¤•Q§,ΌRs,“ρ”Τ’¬‚P’–Ϊ,2019-04-26,10,’“Τi—Φjκ,{ω‚Ή‚Έ,‚ ‚θ
ή“,Τγ‚Λ‚η‚Ά,ΌR“,κ”Τ’¬π”Τ,382019,¤•Q§,ΌRs,“ρ”Τ’¬‚P’–Ϊ,2019-09-10,00,’“Τi—Φjκ,{ω‚Ή‚Έ,‚ ‚θ
ή“,Τγ‚Λ‚η‚Ά,ΌR“,κ”Τ’¬π”Τ,382019,¤•Q§,ΌRs,“ρ”Τ’¬‚Q’–Ϊ,2019-12-08,17,“ΉHγ,{ω‚Ή‚Έ,‚ ‚θ
ή“,Τγ‚Λ‚η‚Ά,ΌR“,κ”Τ’¬π”Τ,382019,¤•Q§,ΌRs,“ρ”Τ’¬‚R’–Ϊ,2018-10-17,19,’“Τi—Φjκ,{ω‚Ή‚Έ,‚ ‚θ
ή“,Τγ‚Λ‚η‚Ά,ΌR“,κ”Τ’¬π”Τ,382019,¤•Q§,ΌRs,•½a’Κ‚P’–Ϊ,2019-07-04,07,’“Τi—Φjκ,{ω‚Ή‚Έ,‚Θ‚µ
ή“,Τγ‚Λ‚η‚Ά,ΌR“,κ”Τ’¬π”Τ,382019,¤•Q§,ΌRs,–x”V“ΰ,2019-10-11,12,’“Τi—Φjκ,{ω‚Ή‚Έ,‚Θ‚µ
ή“,Τγ‚Λ‚η‚Ά,ΌR“,κ”Τ’¬π”Τ,382019,¤•Q§,ΌRs,—Ξ’¬‚P’–Ϊ,2019-01-26,10,“ΉHγ,{ω‚Ή‚Έ,‚ ‚θ
ή“,Τγ‚Λ‚η‚Ά,ΌR“,κ”Τ’¬π”Τ,382019,¤•Q§,ΌRs,–©’¬‚V’–Ϊ,2019-11-11,20,‚»‚Μ‘Ό,{ω‚Ή‚Έ,‚Θ‚µ
ή“,Τγ‚Λ‚η‚Ά,ΌR“,κ”Τ’¬π”Τ,382019,¤•Q§,ΌRs,“μ“c’¬,2019-12-08,11,’“Τi—Φjκ,{ω‚Ή‚Έ,‚Θ‚µ
ή“,Τγ‚Λ‚η‚Ά,ΌR“,κ”Τ’¬π”Τ,382019,¤•Q§,ΌRs,‹{“c’¬,2019-11-13,19,’“Τi—Φjκ,{ω‚Ή‚Έ,‚Θ‚µ
ή“,Τγ‚Λ‚η‚Ά,ΌR“,‘εX“Ήπ”Τ,382019,¤•Q§,ΌRs,‘εX“Ή‚P’–Ϊ,2019-08-08,00,“ΉHγ,{ω‚Ή‚Έ,‚ ‚θ
ή“,Τγ‚Λ‚η‚Ά,ΌR“,‘εX“Ήπ”Τ,382019,¤•Q§,ΌRs,–k—§‰Τ’¬,2019-06-05,14,‚»‚Μ‘Ό,{ω‚Ή‚Έ,‚ ‚θ
ή“,Τγ‚Λ‚η‚Ά,ΌR“,‘εX“Ήπ”Τ,382019,¤•Q§,ΌRs,O”Τ’¬‚P’–Ϊ,2019-04-26,19,‚»‚Μ‘Ό,{ω‚Ή‚Έ,‚Θ‚µ
ή“,Τγ‚Λ‚η‚Ά,ΌR“,‘εX“Ήπ”Τ,382019,¤•Q§,ΌRs,O”Τ’¬‚P’–Ϊ,2019-06-21,07,“ΉHγ,{ω‚Ή‚Έ,‚ ‚θ
ή“,Τγ‚Λ‚η‚Ά,ΌR“,‘εX“Ήπ”Τ,382019,¤•Q§,ΌRs,O”Τ’¬‚R’–Ϊ,2019-12-02,12,’“Τi—Φjκ,{ω‚Ή‚Έ,‚Θ‚µ
ή“,Τγ‚Λ‚η‚Ά,ΌR“,‘εX“Ήπ”Τ,382019,¤•Q§,ΌRs,ηM’¬‚Q’–Ϊ,2019-03-16,08,“ΉHγ,{ω‚Ή‚Έ,‚ ‚θ
ή“,Τγ‚Λ‚η‚Ά,ΌR“,‘εX“Ήπ”Τ,382019,¤•Q§,ΌRs,ηM’¬‚Q’–Ϊ,2019-07-23,01,“ΉHγ,{ω‚Ή‚Έ,‚ ‚θ
ή“,Τγ‚Λ‚η‚Ά,ΌR“,‘εX“Ήπ”Τ,382019,¤•Q§,ΌRs,’zR’¬,2019-05-31,17,“ΉHγ,{ω‚Ή‚Έ,‚Θ‚µ
ή“,Τγ‚Λ‚η‚Ά,ΌR“,‘εX“Ήπ”Τ,382019,¤•Q§,ΌRs,’†‘Ί‚P’–Ϊ,2019-06-12,09,κΛZ‘ξ,{ω‚Ή‚Έ,‚ ‚θ
ή“,Τγ‚Λ‚η‚Ά,ΌR“,‘εX“Ήπ”Τ,382019,¤•Q§,ΌRs,’†‘Ί‚P’–Ϊ,2019-06-18,11,κΛZ‘ξ,{ω‚Ή‚Έ,‚Θ‚µ
ή“,Τγ‚Λ‚η‚Ά,ΌR“,‘εX“Ήπ”Τ,382019,¤•Q§,ΌRs,’†‘Ί‚Q’–Ϊ,2019-03-26,14,’“Τi—Φjκ,{ω‚Ή‚Έ,‚Θ‚µ
ή“,Τγ‚Λ‚η‚Ά,ΌR“,‘εX“Ήπ”Τ,382019,¤•Q§,ΌRs,’†‘Ί‚R’–Ϊ,2019-07-27,11,κΛZ‘ξ,{ω‚Ή‚Έ,‚ ‚θ
ή“,Τγ‚Λ‚η‚Ά,ΌR“,‘εX“Ήπ”Τ,382019,¤•Q§,ΌRs,’†‘Ί‚S’–Ϊ,2018-11-05,10,’“Τi—Φjκ,{ω‚Ή‚Έ,‚Θ‚µ
ή“,Τγ‚Λ‚η‚Ά,ΌR“,‘εX“Ήπ”Τ,382019,¤•Q§,ΌRs,’†‘Ί‚S’–Ϊ,2019-02-22,12,‚»‚Μ‘Ό‚ΜZ‘ξi‚RK‚ΔΘ‰Ί‹¤“―Z‘ξ“™j,{ω‚Ή‚Έ,‚ ‚θ
ή“,Τγ‚Λ‚η‚Ά,ΌR“,‘εX“Ήπ”Τ,382019,¤•Q§,ΌRs,’†‘Ί‚S’–Ϊ,2019-04-17,02,‚SK‚ΔΘγ‹¤“―Z‘ξ,{ω‚Ή‚Έ,‚Θ‚µ
ή“,Τγ‚Λ‚η‚Ά,ΌR“,‘εX“Ήπ”Τ,382019,¤•Q§,ΌRs,,2019-02-12,10,“ΉHγ,{ω‚Ή‚Έ,‚Θ‚µ
ή“,Τγ‚Λ‚η‚Ά,ΌR“,‘εX“Ήπ”Τ,382019,¤•Q§,ΌRs,–©’¬‚R’–Ϊ,2019-01-24,18,“ΉHγ,{ω‚Ή‚Έ,‚Θ‚µ
ή“,Τγ‚Λ‚η‚Ά,ΌR“,s‰w‘Oπ”Τ,382019,¤•Q§,ΌRs,aς–k‚P’–Ϊ,2019-01-16,22,’“Τi—Φjκ,{ω‚Ή‚Έ,‚Θ‚µ
ή“,Τγ‚Λ‚η‚Ά,ΌR“,s‰w‘Oπ”Τ,382019,¤•Q§,ΌRs,aς–k‚Q’–Ϊ,2019-06-22,08,‚»‚Μ‘Ό‚ΜZ‘ξi‚RK‚ΔΘ‰Ί‹¤“―Z‘ξ“™j,{ω‚Ή‚Έ,‚ ‚θ
ή“,Τγ‚Λ‚η‚Ά,ΌR“,s‰w‘Oπ”Τ,382019,¤•Q§,ΌRs,aς–k‚R’–Ϊ,2018-12-31,15,’“Τi—Φjκ,{ω‚Ή‚Έ,‚ ‚θ
ή“,Τγ‚Λ‚η‚Ά,ΌR“,s‰w‘Oπ”Τ,382019,¤•Q§,ΌRs,¬I‚R’–Ϊ,2019-08-30,21,’“Τi—Φjκ,{ω‚Ή‚Έ,‚ ‚θ
ή“,Τγ‚Λ‚η‚Ά,ΌR“,s‰w‘Oπ”Τ,382019,¤•Q§,ΌRs,¬I‚R’–Ϊ,2019-09-26,12,‚»‚Μ‘Ό,{ω‚Ή‚Έ,‚Θ‚µ
ή“,Τγ‚Λ‚η‚Ά,ΌR“,s‰w‘Oπ”Τ,382019,¤•Q§,ΌRs,ηM’¬‚U’–Ϊ,2019-03-06,10,’“Τi—Φjκ,{ω‚Ή‚Έ,‚ ‚θ
ή“,Τγ‚Λ‚η‚Ά,ΌR“,s‰w‘Oπ”Τ,382019,¤•Q§,ΌRs,’†‰›‚P’–Ϊ,2019-05-10,21,’“Τi—Φjκ,{ω‚Ή‚Έ,‚Θ‚µ
ή“,Τγ‚Λ‚η‚Ά,ΌR“,s‰w‘Oπ”Τ,382019,¤•Q§,ΌRs,–΅π’¬‚Q’–Ϊ,2019-12-09,18,‚SK‚ΔΘγ‹¤“―Z‘ξ,{ω‚Ή‚Έ,‚Θ‚µ
ή“,Τγ‚Λ‚η‚Ά,ΌR“,s‰w‘Oπ”Τ,382019,¤•Q§,ΌRs,–©’¬‚T’–Ϊ,2019-08-11,20,“ΉHγ,{ω‚Ή‚Έ,‚Θ‚µ
ή“,Τγ‚Λ‚η‚Ά,ΌR“,s‰w‘Oπ”Τ,382019,¤•Q§,ΌRs,–©’¬‚V’–Ϊ,2019-07-23,10,’“Τi—Φjκ,{ω‚Ή‚Έ,‚Θ‚µ
ή“,Τγ‚Λ‚η‚Ά,ΌR“,s‰w‘Oπ”Τ,382019,¤•Q§,ΌRs,‹{“c’¬,2019-09-20,14,’“Τi—Φjκ,{ω‚Ή‚Έ,‚Θ‚µ
ή“,Τγ‚Λ‚η‚Ά,ΌR“,s‰w‘Oπ”Τ,382019,¤•Q§,ΌRs,—YS‚P’–Ϊ,2016-04-12,11,’“Τi—Φjκ,{ω‚Ή‚Έ,‚ ‚θ
ή“,Τγ‚Λ‚η‚Ά,ΌR“,ΌR‰w‘Oπ”Τ,382019,¤•Q§,ΌRs,,2019-08-29,14,“ΉHγ,{ω‚Ή‚Έ,‚ ‚θ
ή“,Τγ‚Λ‚η‚Ά,ΌR“,ΌR‰w‘Oπ”Τ,382019,¤•Q§,ΌRs,¤υ’¬,2019-10-22,09,‚»‚Μ‘Ό,{ω‚Ή‚Έ,‚ ‚θ
ή“,Τγ‚Λ‚η‚Ά,ΌR“,ΌR‰w‘Oπ”Τ,382019,¤•Q§,ΌRs,¤υ’¬,2019-11-12,22,’“Τi—Φjκ,{ω‚Ή‚Έ,‚ ‚θ
ή“,Τγ‚Λ‚η‚Ά,ΌR“,ΌR‰w‘Oπ”Τ,382019,¤•Q§,ΌRs,¤υ’¬,2019-11-29,18,‚»‚Μ‘Ό,{ω‚Ή‚Έ,‚Θ‚µ
ή“,Τγ‚Λ‚η‚Ά,ΌR“,ΌR‰w‘Oπ”Τ,382019,¤•Q§,ΌRs,ίR‚P’–Ϊ,2019-01-08,15,’“Τi—Φjκ,{ω‚Ή‚Έ,‚Θ‚µ
ή“,Τγ‚Λ‚η‚Ά,ΌR“,ΌR‰w‘Oπ”Τ,382019,¤•Q§,ΌRs,ίR‚P’–Ϊ,2019-01-29,21,’“Τi—Φjκ,{ω‚Ή‚Έ,‚Θ‚µ
ή“,Τγ‚Λ‚η‚Ά,ΌR“,ΌR‰w‘Oπ”Τ,382019,¤•Q§,ΌRs,ίR‚P’–Ϊ,2019-01-31,11,’“Τi—Φjκ,{ω‚Ή‚Έ,‚Θ‚µ
ή“,Τγ‚Λ‚η‚Ά,ΌR“,ΌR‰w‘Oπ”Τ,382019,¤•Q§,ΌRs,ίR‚P’–Ϊ,2019-05-09,19,’“Τi—Φjκ,{ω‚Ή‚Έ,‚Θ‚µ
ή“,Τγ‚Λ‚η‚Ά,ΌR“,ΌR‰w‘Oπ”Τ,382019,¤•Q§,ΌRs,ίR‚P’–Ϊ,2019-11-13,10,’“Τi—Φjκ,{ω‚Ή‚Έ,‚ ‚θ
ή“,Τγ‚Λ‚η‚Ά,ΌR“,ΌR‰w‘Oπ”Τ,382019,¤•Q§,ΌRs,ίR‚T’–Ϊ,2019-10-16,23,’“Τi—Φjκ,{ω‚Ή‚Έ,‚ ‚θ
ή“,Τγ‚Λ‚η‚Ά,ΌR“,ΌR‰w‘Oπ”Τ,382019,¤•Q§,ΌRs,’|΄‚S’–Ϊ,2019-04-20,18,’“Τi—Φjκ,{ω‚Ή‚Έ,‚Θ‚µ
ή“,Τγ‚Λ‚η‚Ά,ΌR“,ΌR‰w‘Oπ”Τ,382019,¤•Q§,ΌRs,’†‰›‚Q’–Ϊ,2019-06-11,20,‚»‚Μ‘Ό,{ω‚Ή‚Έ,‚ ‚θ
ή“,Τγ‚Λ‚η‚Ά,ΌR“,ΌR‰w‘Oπ”Τ,382019,¤•Q§,ΌRs,’†‰›‚Q’–Ϊ,2019-11-27,18,‚»‚Μ‘Ό,{ω‚Ή‚Έ,‚ ‚θ
ή“,Τγ‚Λ‚η‚Ά,ΌR“,ΌR‰w‘Oπ”Τ,382019,¤•Q§,ΌRs,’†‰›‚Q’–Ϊ,2019-12-26,22,’“Τi—Φjκ,{ω‚Ή‚Έ,‚Θ‚µ
ή“,Τγ‚Λ‚η‚Ά,ΌR“,ΌR‰w‘Oπ”Τ,382019,¤•Q§,ΌRs,–΅π’¬‚Q’–Ϊ,2019-01-17,09,’“Τi—Φjκ,{ω‚Ή‚Έ,‚ ‚θ
ή“,Τγ‚Λ‚η‚Ά,ΌR“,ΌR‰w‘Oπ”Τ,382019,¤•Q§,ΌRs,–΅π’¬‚Q’–Ϊ,2019-02-03,21,’“Τi—Φjκ,{ω‚Ή‚Έ,‚ ‚θ
ή“,Τγ‚Λ‚η‚Ά,ΌR“,ΌR‰w‘Oπ”Τ,382019,¤•Q§,ΌRs,–©’¬‚V’–Ϊ,2019-02-11,16,’“Τi—Φjκ,{ω‚Ή‚Έ,‚Θ‚µ
ή“,Τγ‚Λ‚η‚Ά,ΌR“,ΌR‰w‘Oπ”Τ,382019,¤•Q§,ΌRs,“μ]Λ‚P’–Ϊ,2019-01-16,09,’“Τi—Φjκ,{ω‚Ή‚Έ,‚Θ‚µ
ή“,Τγ‚Λ‚η‚Ά,ΌR“,ΌR‰w‘Oπ”Τ,382019,¤•Q§,ΌRs,“μ]Λ‚P’–Ϊ,2019-02-11,08,‚»‚Μ‘Ό,{ω‚Ή‚Έ,‚Θ‚µ
ή“,Τγ‚Λ‚η‚Ά,ΌR“,ΌR‰w‘Oπ”Τ,382019,¤•Q§,ΌRs,“μ]Λ‚P’–Ϊ,2019-06-19,11,“ΉHγ,{ω‚Ή‚Έ,‚Θ‚µ
ή“,Τγ‚Λ‚η‚Ά,ΌR“,ΌR‰w‘Oπ”Τ,382019,¤•Q§,ΌRs,‹{“c’¬,2019-01-25,19,“ΉHγ,{ω‚Ή‚Έ,‚ ‚θ
ή“,Τγ‚Λ‚η‚Ά,ΌR“,ΌR‰w‘Oπ”Τ,382019,¤•Q§,ΌRs,‹{“c’¬,2019-04-10,•s–Ύ,’“Τi—Φjκ,{ω‚Ή‚Έ,‚Θ‚µ
ή“,Τγ‚Λ‚η‚Ά,ΌR“,ΌR‰w‘Oπ”Τ,382019,¤•Q§,ΌRs,‹{“c’¬,2019-04-17,16,’“Τi—Φjκ,{ω‚Ή‚Έ,‚Θ‚µ
ή“,Τγ‚Λ‚η‚Ά,ΌR“,ΌR‰w‘Oπ”Τ,382019,¤•Q§,ΌRs,,2019-03-26,19,’“Τi—Φjκ,{ω‚Ή‚Έ,‚Θ‚µ
ή“,Τγ‚Λ‚η‚Ά,ΌR“,ΌR‰w‘Oπ”Τ,382019,¤•Q§,ΌRs,,2019-12-18,13,’“Τi—Φjκ,{ω‚Ή‚Έ,‚Θ‚µ
ή“,Τγ‚Λ‚η‚Ά,ΌR“,ΌR‰w‘Oπ”Τ,382019,¤•Q§,ΌRs,‹{Ό‚P’–Ϊ,2019-03-01,17,’“Τi—Φjκ,{ω‚Ή‚Έ,‚Θ‚µ
ή“,Τγ‚Λ‚η‚Ά,ΌR“,ΌR‰w‘Oπ”Τ,382019,¤•Q§,ΌRs,‹{Ό‚R’–Ϊ,2019-01-22,12,‚»‚Μ‘Ό,{ω‚Ή‚Έ,‚ ‚θ
ή“,Τγ‚Λ‚η‚Ά,ΌR“,ι–kπ”Τ,382019,¤•Q§,ΌRs,’¬‚U’–Ϊ,2019-10-25,13,’“Τi—Φjκ,{ω‚Ή‚Έ,‚Θ‚µ
ή“,Τγ‚Λ‚η‚Ά,ΌR“,ι–kπ”Τ,382019,¤•Q§,ΌRs,’¬‚U’–Ϊ,2019-11-30,19,’“Τi—Φjκ,{ω‚Ή‚Έ,‚Θ‚µ
ή“,Τγ‚Λ‚η‚Ά,ΌR“,ι–kπ”Τ,382019,¤•Q§,ΌRs,’¬‚U’–Ϊ,2019-12-22,23,’“Τi—Φjκ,{ω‚Ή‚Έ,‚ ‚θ
ή“,Τγ‚Λ‚η‚Ά,ΌR“,ι–kπ”Τ,382019,¤•Q§,ΌRs,΄…’¬‚P’–Ϊ,2019-06-05,17,’“Τi—Φjκ,{ω‚Ή‚Έ,‚ ‚θ
ή“,Τγ‚Λ‚η‚Ά,ΌR“,ι–kπ”Τ,382019,¤•Q§,ΌRs,΄…’¬‚P’–Ϊ,2019-07-15,20,’“Τi—Φjκ,{ω‚Ή‚Έ,‚ ‚θ
ή“,Τγ‚Λ‚η‚Ά,ΌR“,ι–kπ”Τ,382019,¤•Q§,ΌRs,΄…’¬‚Q’–Ϊ,2019-08-03,23,‚»‚Μ‘Ό‚ΜZ‘ξi‚RK‚ΔΘ‰Ί‹¤“―Z‘ξ“™j,{ω‚Ή‚Έ,‚ ‚θ
ή“,Τγ‚Λ‚η‚Ά,ΌR“,ι–kπ”Τ,382019,¤•Q§,ΌRs,΄…’¬‚R’–Ϊ,2019-03-01,13,’“Τi—Φjκ,{ω‚Ή‚Έ,‚ ‚θ
ή“,Τγ‚Λ‚η‚Ά,ΌR“,ι–kπ”Τ,382019,¤•Q§,ΌRs,΄…’¬‚S’–Ϊ,2019-03-20,10,’“Τi—Φjκ,{ω‚Ή‚Έ,‚Θ‚µ
ή“,Τγ‚Λ‚η‚Ά,ΌR“,ι–kπ”Τ,382019,¤•Q§,ΌRs,‚»’¬‚R’–Ϊ,2019-04-24,14,’“Τi—Φjκ,{ω‚Ή‚Έ,‚Θ‚µ
ή“,Τγ‚Λ‚η‚Ά,ΌR“,ι–kπ”Τ,382019,¤•Q§,ΌRs,“S–C’¬,2018-07-18,22,’“Τi—Φjκ,{ω‚Ή‚Έ,‚ ‚θ
ή“,Τγ‚Λ‚η‚Ά,ΌR“,ι–kπ”Τ,382019,¤•Q§,ΌRs,“Ήγ”σ–”,2019-02-14,01,’“Τi—Φjκ,{ω‚Ή‚Έ,‚ ‚θ
ή“,Τγ‚Λ‚η‚Ά,ΌR“,ι–kπ”Τ,382019,¤•Q§,ΌRs,•½a’Κ‚Q’–Ϊ,2019-08-04,16,‚»‚Μ‘Ό,{ω‚Ή‚Έ,‚ ‚θ
ή“,Τγ‚Λ‚η‚Ά,ΌR“,ι–kπ”Τ,382019,¤•Q§,ΌRs,•½a’Κ‚U’–Ϊ,2019-09-30,18,’“Τi—Φjκ,{ω‚Ή‚Έ,‚Θ‚µ
ή“,Τγ‚Λ‚η‚Ά,ΌR“,ι–kπ”Τ,382019,¤•Q§,ΌRs,–{’¬‚T’–Ϊ,2019-06-02,10,“ΉHγ,{ω‚Ή‚Έ,‚ ‚θ
ή“,Τγ‚Λ‚η‚Ά,ΌR“,ι–kπ”Τ,382019,¤•Q§,ΌRs,–{’¬‚T’–Ϊ,2019-10-02,03,’“Τi—Φjκ,{ω‚Ή‚Έ,‚ ‚θ
ή“,Τγ‚Λ‚η‚Ά,ΌR“,ι–kπ”Τ,382019,¤•Q§,ΌRs,—Ξ’¬‚P’–Ϊ,2019-03-06,14,“ΉHγ,{ω‚Ή‚Έ,‚ ‚θ
ή“,Τγ‚Λ‚η‚Ά,ΌR“,“Ήγπ”Τ,382019,¤•Q§,ΌRs,Ξθ‚P’–Ϊ,2019-01-28,19,’“Τi—Φjκ,{ω‚Ή‚Έ,‚Θ‚µ
ή“,Τγ‚Λ‚η‚Ά,ΌR“,“Ήγπ”Τ,382019,¤•Q§,ΌRs,Ξθ‚S’–Ϊ,2019-01-17,04,’“Τi—Φjκ,{ω‚Ή‚Έ,‚ ‚θ
ή“,Τγ‚Λ‚η‚Ά,ΌR“,“Ήγπ”Τ,382019,¤•Q§,ΌRs,Ξθ‚S’–Ϊ,2019-08-08,11,’“Τi—Φjκ,{ω‚Ή‚Έ,‚ ‚θ
ή“,Τγ‚Λ‚η‚Ά,ΌR“,“Ήγπ”Τ,382019,¤•Q§,ΌRs,j’J‚T’–Ϊ,2019-09-25,17,’“Τi—Φjκ,{ω‚Ή‚Έ,‚Θ‚µ
ή“,Τγ‚Λ‚η‚Ά,ΌR“,“Ήγπ”Τ,382019,¤•Q§,ΌRs,j’J“’¬,2019-08-10,08,’“Τi—Φjκ,{ω‚Ή‚Έ,‚ ‚θ
ή“,Τγ‚Λ‚η‚Ά,ΌR“,“Ήγπ”Τ,382019,¤•Q§,ΌRs,“Ήγ΅s,2019-04-03,21,’“Τi—Φjκ,{ω‚Ή‚Έ,‚ ‚θ
ή“,Τγ‚Λ‚η‚Ά,ΌR“,“Ήγπ”Τ,382019,¤•Q§,ΌRs,“Ήγφ‰€,2019-03-30,15,‚»‚Μ‘Ό,{ω‚Ή‚Έ,‚ ‚θ
ή“,Τγ‚Λ‚η‚Ά,ΌR“,“Ήγπ”Τ,382019,¤•Q§,ΌRs,“Ήγφ‰€,2019-04-06,15,‚»‚Μ‘Ό,{ω‚Ή‚Έ,‚ ‚θ
ή“,Τγ‚Λ‚η‚Ά,ΌR“,“Ήγπ”Τ,382019,¤•Q§,ΌRs,“Ήγφ‰€,2019-04-08,13,‚»‚Μ‘Ό,{ω‚Ή‚Έ,‚ ‚θ
ή“,Τγ‚Λ‚η‚Ά,ΌR“,“Ήγπ”Τ,382019,¤•Q§,ΌRs,“Ήγφ‰€,2019-05-10,14,’“Τi—Φjκ,{ω‚Ή‚Έ,‚ ‚θ
ή“,Τγ‚Λ‚η‚Ά,ΌR“,“Ήγπ”Τ,382019,¤•Q§,ΌRs,“Ήγ”σ–”,2019-01-27,23,“ΉHγ,{ω‚Ή‚Έ,‚ ‚θ
ή“,Τγ‚Λ‚η‚Ά,ΌR“,“Ήγπ”Τ,382019,¤•Q§,ΌRs,“Ήγ—Ξ‘δ,2019-02-11,21,’“Τi—Φjκ,{ω‚Ή‚Έ,‚Θ‚µ
ή“,Τγ‚Λ‚η‚Ά,ΌR“,“Ήγπ”Τ,382019,¤•Q§,ΌRs,“Ήγ—Ξ‘δ,2019-05-07,20,’“Τi—Φjκ,{ω‚Ή‚Έ,‚Θ‚µ
ή“,Τγ‚Λ‚η‚Ά,ΌR“,“Ήγπ”Τ,382019,¤•Q§,ΌRs,“Ήγ“’’¬,2019-02-16,16,’“Τi—Φjκ,{ω‚Ή‚Έ,‚Θ‚µ
ή“,Τγ‚Λ‚η‚Ά,ΌR“,“Ήγπ”Τ,382019,¤•Q§,ΌRs,“Ήγ’¬‚P’–Ϊ,2019-12-17,19,’“Τi—Φjκ,{ω‚Ή‚Έ,‚Θ‚µ
ή“,Τγ‚Λ‚η‚Ά,ΌR“,‘fκAπ”Τ,382019,¤•Q§,ΌRs,K΄‚Q’–Ϊ,2018-11-16,18,’“Τi—Φjκ,{ω‚Ή‚Έ,‚Θ‚µ
ή“,Τγ‚Λ‚η‚Ά,ΌR“,‘fκAπ”Τ,382019,¤•Q§,ΌRs,K΄‚S’–Ϊ,2019-12-20,16,‚»‚Μ‘Ό,{ω‚Ή‚Έ,‚ ‚θ
ή“,Τγ‚Λ‚η‚Ά,ΌR“,‘fκAπ”Τ,382019,¤•Q§,ΌRs,¬β‚T’–Ϊ,2019-02-28,15,’“Τi—Φjκ,{ω‚Ή‚Έ,‚Θ‚µ
ή“,Τγ‚Λ‚η‚Ά,ΌR“,‘fκAπ”Τ,382019,¤•Q§,ΌRs,³‰~›‚R’–Ϊ,2019-11-27,15,κΛZ‘ξ,{ω‚Ή‚Έ,‚Θ‚µ
ή“,Τγ‚Λ‚η‚Ά,ΌR“,‘fκAπ”Τ,382019,¤•Q§,ΌRs,’†‘Ί‚P’–Ϊ,2018-12-27,19,’“Τi—Φjκ,{ω‚Ή‚Έ,‚Θ‚µ
ή“,Τγ‚Λ‚η‚Ά,ΌR“,‘fκAπ”Τ,382019,¤•Q§,ΌRs,’†‘Ί‚P’–Ϊ,2019-06-17,11,κΛZ‘ξ,{ω‚Ή‚Έ,‚ ‚θ
ή“,Τγ‚Λ‚η‚Ά,ΌR“,‘fκAπ”Τ,382019,¤•Q§,ΌRs,”¨›‚R’–Ϊ,2019-12-07,13,’“Τi—Φjκ,{ω‚Ή‚Έ,‚Θ‚µ
ή“,Τγ‚Λ‚η‚Ά,ΌR“,‘fκAπ”Τ,382019,¤•Q§,ΌRs,“ϊ‚Μo’¬,2019-02-21,14,’“Τi—Φjκ,{ω‚Ή‚Έ,‚Θ‚µ
ή“,Τγ‚Λ‚η‚Ά,ΌR“,‘fκAπ”Τ,382019,¤•Q§,ΌRs,Ό––‚P’–Ϊ,2019-10-01,21,’“Τi—Φjκ,{ω‚Ή‚Έ,‚Θ‚µ
ή“,Τγ‚Λ‚η‚Ά,ΌR“,δKπ”Τ,382019,¤•Q§,ΌRs,–β‰®’¬,2019-06-05,15,’“Τi—Φjκ,{ω‚Ή‚Έ,‚ ‚θ
ή“,Τγ‚Λ‚η‚Ά,ΌR“,δKπ”Τ,382019,¤•Q§,ΌRs,•P΄‚Q’–Ϊ,2019-05-23,16,’“Τi—Φjκ,{ω‚Ή‚Έ,‚Θ‚µ
ή“,Τγ‚Λ‚η‚Ά,ΌR“,δKπ”Τ,382019,¤•Q§,ΌRs,•P΄‚Q’–Ϊ,2019-07-11,17,’“Τi—Φjκ,{ω‚Ή‚Έ,‚Θ‚µ
ή“,Τγ‚Λ‚η‚Ά,ΌR“,δKπ”Τ,382019,¤•Q§,ΌRs,•P΄‚R’–Ϊ,2019-08-17,18,’“Τi—Φjκ,{ω‚Ή‚Έ,‚ ‚θ
ή“,Τγ‚Λ‚η‚Ά,ΌR“,δKπ”Τ,382019,¤•Q§,ΌRs,R‰z’¬,2019-08-03,11,κΛZ‘ξ,{ω‚Ή‚Έ,‚ ‚θ
ή“,Τγ‚Λ‚η‚Ά,ΌR“,’©’“έ,382019,¤•Q§,ΌRs,•½“c’¬,2019-03-15,20,’“Τi—Φjκ,{ω‚Ή‚Έ,‚Θ‚µ
ή“,Τγ‚Λ‚η‚Ά,ΌR“,’©’“έ,382019,¤•Q§,ΌRs,•½“c’¬,2019-06-14,19,’“Τi—Φjκ,{ω‚Ή‚Έ,‚Θ‚µ
ή“,Τγ‚Λ‚η‚Ά,ΌR“,’©’“έ,382019,¤•Q§,ΌRs,‹g“΅‚S’–Ϊ,2019-08-28,01,“ΉHγ,{ω‚Ή‚Έ,‚Θ‚µ
ή“,Τγ‚Λ‚η‚Ά,ΌR“,“’R’“έ,382019,¤•Q§,ΌRs,a•Σ’¬,2019-05-09,09,‚»‚Μ‘Ό,{ω‚Ή‚Έ,‚ ‚θ
ή“,Τγ‚Λ‚η‚Ά,ΌR“,“’R’“έ,382019,¤•Q§,ΌRs,a•Σ’¬,2019-11-22,16,‚»‚Μ‘Ό‚ΜZ‘ξi‚RK‚ΔΘ‰Ί‹¤“―Z‘ξ“™j,{ω‚Ή‚Έ,‚Θ‚µ
ή“,Τγ‚Λ‚η‚Ά,ΌR“,“’R’“έ,382019,¤•Q§,ΌRs,“’‚ΜR“‚Q’–Ϊ,2019-11-27,16,κΛZ‘ξ,{ω‚Ή‚Έ,‚Θ‚µ
ή“,Τγ‚Λ‚η‚Ά,ΌR“,“’R’“έ,382019,¤•Q§,ΌRs,“’‚ΜR“‚Q’–Ϊ,2019-11-27,18,κΛZ‘ξ,{ω‚Ή‚Έ,‚ ‚θ
ή“,Τγ‚Λ‚η‚Ά,ΌR“,—]Λπ”Τ,382019,¤•Q§,ΌRs,“y‹“c’¬,2019-01-07,12,“ΉHγ,{ω‚Ή‚Έ,‚Θ‚µ
ή“,Τγ‚Λ‚η‚Ά,ΌR“,—]Λπ”Τ,382019,¤•Q§,ΌRs,“y‹“c’¬,2019-01-18,12,’“Τi—Φjκ,{ω‚Ή‚Έ,‚ ‚θ
ή“,Τγ‚Λ‚η‚Ά,ΌR“,—]Λπ”Τ,382019,¤•Q§,ΌRs,“y‹“c’¬,2019-03-30,11,‚»‚Μ‘Ό‚ΜZ‘ξi‚RK‚ΔΘ‰Ί‹¤“―Z‘ξ“™j,{ω‚Ή‚Έ,‚Θ‚µ
ή“,Τγ‚Λ‚η‚Ά,ΌR“,—]Λπ”Τ,382019,¤•Q§,ΌRs,“y‹“c’¬,2019-08-26,22,’“Τi—Φjκ,{ω‚Ή‚Έ,‚ ‚θ
ή“,Τγ‚Λ‚η‚Ά,ΌR“,—]Λπ”Τ,382019,¤•Q§,ΌRs,“y‹“c’¬,2019-09-05,19,’“Τi—Φjκ,{ω‚Ή‚Έ,‚ ‚θ
ή“,Τγ‚Λ‚η‚Ά,ΌR“,—]Λπ”Τ,382019,¤•Q§,ΌRs,j“c’¬,2019-07-31,13,’“Τi—Φjκ,{ω‚Ή‚Έ,‚ ‚θ
ή“,Τγ‚Λ‚η‚Ά,ΌR“,—]Λπ”Τ,382019,¤•Q§,ΌRs,—]ΛΌ‚R’–Ϊ,2019-02-19,17,‚»‚Μ‘Ό,{ω‚Ή‚Έ,‚Θ‚µ
ή“,Τγ‚Λ‚η‚Ά,ΌR“,—]Λπ”Τ,382019,¤•Q§,ΌRs,—]Λ“‚Q’–Ϊ,2019-08-09,13,“ΉHγ,{ω‚Ή‚Έ,‚ ‚θ
ή“,Τγ‚Λ‚η‚Ά,ΌR“,—]Λπ”Τ,382019,¤•Q§,ΌRs,—]Λ“‚Q’–Ϊ,2019-09-03,14,“ΉHγ,{ω‚Ή‚Έ,‚ ‚θ
ή“,Τγ‚Λ‚η‚Ά,ΌR“,—]Λπ”Τ,382019,¤•Q§,ΌRs,—]Λ“‚Q’–Ϊ,2019-10-24,13,κΛZ‘ξ,{ω‚Ή‚Έ,‚ ‚θ
ή“,Τγ‚Λ‚η‚Ά,ΌR“,—]Λπ”Τ,382019,¤•Q§,ΌRs,—]Λ“μ‚R’–Ϊ,2019-08-23,09,’“Τi—Φjκ,{ω‚Ή‚Έ,‚ ‚θ
ή“,Τγ‚Λ‚η‚Ά,ΌR“,—]Λπ”Τ,382019,¤•Q§,ΌRs,—]Λ“μ‚S’–Ϊ,2019-02-07,10,‚»‚Μ‘Ό,{ω‚Ή‚Έ,‚Θ‚µ
ή“,Τγ‚Λ‚η‚Ά,ΌR“,—]Λπ”Τ,382019,¤•Q§,ΌRs,—]Λ“μ‚T’–Ϊ,2019-01-23,13,“ΉHγ,{ω‚Ή‚Έ,‚ ‚θ
ή“,Τγ‚Λ‚η‚Ά,ΌR“,—]Λπ”Τ,382019,¤•Q§,ΌRs,—]Λ“μ‚U’–Ϊ,2019-12-20,18,’“Τi—Φjκ,{ω‚Ή‚Έ,‚ ‚θ
ή“,Τγ‚Λ‚η‚Ά,ΌR“,—]Λπ”Τ,382019,¤•Q§,ΌRs,•Ϋ–Ζγ‚Q’–Ϊ,2019-08-07,17,“ΉHγ,{ω‚Ή‚Έ,‚ ‚θ
ή“,Τγ‚Λ‚η‚Ά,ΌR“,—]Λπ”Τ,382019,¤•Q§,ΌRs,•Ϋ–Ζ’†‚Q’–Ϊ,2019-03-16,23,‚»‚Μ‘Ό,{ω‚Ή‚Έ,‚Θ‚µ
ή“,Τγ‚Λ‚η‚Ά,ΌR“,—]Λπ”Τ,382019,¤•Q§,ΌRs,•Ϋ–ΖΌ‚Q’–Ϊ,2019-02-20,13,‚»‚Μ‘Ό,{ω‚Ή‚Έ,‚ ‚θ
ή“,Τγ‚Λ‚η‚Ά,ΌRΌ,‚έ‚Βπ”Τ,382019,¤•Q§,ΌRs,‰ο’Γ’¬,2019-06-23,15,’“Τi—Φjκ,{ω‚Ή‚Έ,‚Θ‚µ
ή“,Τγ‚Λ‚η‚Ά,ΌRΌ,‚έ‚Βπ”Τ,382019,¤•Q§,ΌRs,“ΰ•l’¬,2019-01-10,11,“ΉHγ,{ω‚Ή‚Έ,‚ ‚θ
ή“,Τγ‚Λ‚η‚Ά,ΌRΌ,‚έ‚Βπ”Τ,382019,¤•Q§,ΌRs,Z‹g‚Q’–Ϊ,2019-11-02,05,’“Τi—Φjκ,{ω‚Ή‚Έ,‚Θ‚µ
ή“,Τγ‚Λ‚η‚Ά,ΌRΌ,‚έ‚Βπ”Τ,382019,¤•Q§,ΌRs,‚R’¬,2019-04-24,17,‚»‚Μ‘Ό,{ω‚Ή‚Έ,‚Θ‚µ
ή“,Τγ‚Λ‚η‚Ά,ΌRΌ,‚έ‚Βπ”Τ,382019,¤•Q§,ΌRs,“’·Λ‚S’–Ϊ,2019-02-18,12,‚»‚Μ‘Ό‚ΜZ‘ξi‚RK‚ΔΘ‰Ί‹¤“―Z‘ξ“™j,{ω‚Ή‚Έ,‚ ‚θ
ή“,Τγ‚Λ‚η‚Ά,ΌRΌ,‚•lπ”Τ,382019,¤•Q§,ΌRs,‚•l’¬‚T’–Ϊ,2019-01-01,11,’“Τi—Φjκ,{ω‚Ή‚Έ,‚Θ‚µ
ή“,Τγ‚Λ‚η‚Ά,ΌRΌ,‹g“c•lπ”Τ,382019,¤•Q§,ΌRs,‹v•Ϋ“c’¬,2019-02-07,09,‚»‚Μ‘Ό,{ω‚Ή‚Έ,‚ ‚θ
ή“,Τγ‚Λ‚η‚Ά,ΌRΌ,‹g“c•lπ”Τ,382019,¤•Q§,ΌRs,‹v•Ϋ“c’¬,2019-11-05,09,‚»‚Μ‘Ό,{ω‚Ή‚Έ,‚ ‚θ
ή“,Τγ‚Λ‚η‚Ά,ΌRΌ,‹g“c•lπ”Τ,382019,¤•Q§,ΌRs,‚‰’¬,2019-04-22,07,‚»‚Μ‘Ό,{ω‚Ή‚Έ,‚Θ‚µ
ή“,Τγ‚Λ‚η‚Ά,ΌRΌ,‹g“c•lπ”Τ,382019,¤•Q§,ΌRs,‚‰’¬,2019-06-12,12,’“Τi—Φjκ,{ω‚Ή‚Έ,‚ ‚θ
ή“,Τγ‚Λ‚η‚Ά,ΌRΌ,‹g“c•lπ”Τ,382019,¤•Q§,ΌRs,‚‰’¬,2019-07-12,18,’“Τi—Φjκ,{ω‚Ή‚Έ,‚ ‚θ
ή“,Τγ‚Λ‚η‚Ά,ΌRΌ,‹g“c•lπ”Τ,382019,¤•Q§,ΌRs,‚‰’¬,2019-07-18,15,“ΉHγ,{ω‚Ή‚Έ,‚ ‚θ
ή“,Τγ‚Λ‚η‚Ά,ΌRΌ,‹g“c•lπ”Τ,382019,¤•Q§,ΌRs,‚‰’¬,2019-07-20,08,‚»‚Μ‘Ό,{ω‚Ή‚Έ,‚Θ‚µ
ή“,Τγ‚Λ‚η‚Ά,ΌRΌ,‹g“c•lπ”Τ,382019,¤•Q§,ΌRs,‚‰’¬,2019-08-09,14,“ΉHγ,{ω‚Ή‚Έ,‚ ‚θ
ή“,Τγ‚Λ‚η‚Ά,ΌRΌ,‹g“c•lπ”Τ,382019,¤•Q§,ΌRs,‚‰’¬,2019-09-22,19,’“Τi—Φjκ,{ω‚Ή‚Έ,‚Θ‚µ
ή“,Τγ‚Λ‚η‚Ά,ΌRΌ,‹g“c•lπ”Τ,382019,¤•Q§,ΌRs,•x‹v’¬,2019-03-22,10,“ΉHγ,{ω‚Ή‚Έ,‚ ‚θ
ή“,Τγ‚Λ‚η‚Ά,ΌRΌ,‹g“c•lπ”Τ,382019,¤•Q§,ΌRs,•x‹v’¬,2019-03-30,16,“ΉHγ,{ω‚Ή‚Έ,‚ ‚θ
ή“,Τγ‚Λ‚η‚Ά,ΌRΌ,‹g“c•lπ”Τ,382019,¤•Q§,ΌRs,•x‹v’¬,2019-09-07,13,“ΉHγ,{ω‚Ή‚Έ,‚ ‚θ
ή“,Τγ‚Λ‚η‚Ά,ΌRΌ,‹g“c•lπ”Τ,382019,¤•Q§,ΌRs,Ό_¶’¬,2019-06-16,16,“ΉHγ,{ω‚Ή‚Έ,‚ ‚θ
ή“,Τγ‚Λ‚η‚Ά,ΌRΌ,‹g“c•lπ”Τ,382019,¤•Q§,ΌRs,“μ‹g“c’¬,2019-01-08,14,‚»‚Μ‘Ό,{ω‚Ή‚Έ,‚ ‚θ
ή“,Τγ‚Λ‚η‚Ά,ΌRΌ,‹g“c•lπ”Τ,382019,¤•Q§,ΌRs,“μ‹g“c’¬,2019-01-31,15,’“Τi—Φjκ,{ω‚Ή‚Έ,‚ ‚θ
ή“,Τγ‚Λ‚η‚Ά,ΌRΌ,‹g“c•lπ”Τ,382019,¤•Q§,ΌRs,“μ‹g“c’¬,2019-03-25,09,κΛZ‘ξ,{ω‚Ή‚Έ,‚ ‚θ
ή“,Τγ‚Λ‚η‚Ά,ΌRΌ,‹g“c•lπ”Τ,382019,¤•Q§,ΌRs,“μ‹g“c’¬,2019-07-15,13,“ΉHγ,{ω‚Ή‚Έ,‚ ‚θ
ή“,Τγ‚Λ‚η‚Ά,ΌRΌ,‹g“c•lπ”Τ,382019,¤•Q§,ΌRs,“μ‹g“c’¬,2019-08-03,14,‚»‚Μ‘Ό,{ω‚Ή‚Έ,‚ ‚θ
ή“,Τγ‚Λ‚η‚Ά,ΌRΌ,_¶’“έ,382019,¤•Q§,ΌRs,Ό_¶’¬,2019-03-25,12,“ΉHγ,{ω‚Ή‚Έ,‚ ‚θ
ή“,Τγ‚Λ‚η‚Ά,ΌRΌ,_¶’“έ,382019,¤•Q§,ΌRs,Ό_¶’¬,2019-06-19,15,“ΉHγ,{ω‚Ή‚Έ,‚Θ‚µ
ή“,Τγ‚Λ‚η‚Ά,ΌRΌ,_¶’“έ,382019,¤•Q§,ΌRs,“_¶’¬,2019-06-28,13,κΛZ‘ξ,{ω‚Ή‚Έ,‚ ‚θ
ή“,Τγ‚Λ‚η‚Ά,ΌRΌ,_¶’“έ,382019,¤•Q§,ΌRs,“_¶’¬,2019-08-17,15,‚»‚Μ‘Ό,{ω‚Ή‚Έ,‚ ‚θ
ή“,Τγ‚Λ‚η‚Ά,ΌRΌ,_¶’“έ,382019,¤•Q§,ΌRs,RΌ’¬,2019-09-02,19,’“Τi—Φjκ,{ω‚Ή‚Έ,‚Θ‚µ
ή“,Τγ‚Λ‚η‚Ά,ΌRΌ,–΅¶π”Τ,382019,¤•Q§,ΌRs,‘ε‰Β‰κ‚R’–Ϊ,2019-07-31,13,“ΉHγ,{ω‚Ή‚Έ,‚ ‚θ
ή“,Τγ‚Λ‚η‚Ά,ΌRΌ,–΅¶π”Τ,382019,¤•Q§,ΌRs,›μ‚Q’–Ϊ,2019-03-10,10,’“Τi—Φjκ,{ω‚Ή‚Έ,‚Θ‚µ
ή“,Τγ‚Λ‚η‚Ά,ΌRΌ,–΅¶π”Τ,382019,¤•Q§,ΌRs,–kΦ‰@’¬,2018-12-24,14,“ΉHγ,{ω‚Ή‚Έ,‚ ‚θ
ή“,Τγ‚Λ‚η‚Ά,ΌRΌ,–΅¶π”Τ,382019,¤•Q§,ΌRs,–kΦ‰@’¬,2019-01-09,12,“ΉHγ,{ω‚Ή‚Έ,‚Θ‚µ
ή“,Τγ‚Λ‚η‚Ά,ΌRΌ,–΅¶π”Τ,382019,¤•Q§,ΌRs,–kΦ‰@’¬,2019-01-10,11,’“Τi—Φjκ,{ω‚Ή‚Έ,‚ ‚θ
ή“,Τγ‚Λ‚η‚Ά,ΌRΌ,–΅¶π”Τ,382019,¤•Q§,ΌRs,–kΦ‰@’¬,2019-09-04,12,’“Τi—Φjκ,{ω‚Ή‚Έ,‚ ‚θ
ή“,Τγ‚Λ‚η‚Ά,ΌRΌ,–΅¶π”Τ,382019,¤•Q§,ΌRs,–kΦ‰@’¬,2019-11-21,13,’“Τi—Φjκ,{ω‚Ή‚Έ,‚ ‚θ
ή“,Τγ‚Λ‚η‚Ά,ΌRΌ,–΅¶π”Τ,382019,¤•Q§,ΌRs,–kΦ‰@’¬,2019-12-16,14,“ΉHγ,{ω‚Ή‚Έ,‚ ‚θ
ή“,Τγ‚Λ‚η‚Ά,ΌRΌ,–΅¶π”Τ,382019,¤•Q§,ΌRs,“μΦ‰@’¬,2019-07-30,16,’“Τi—Φjκ,{ω‚Ή‚Έ,‚Θ‚µ
ή“,Τγ‚Λ‚η‚Ά,ΌRΌ,–΅¶π”Τ,382019,¤•Q§,ΌRs,“μΦ‰@’¬,2019-08-01,13,“ΉHγ,{ω‚Ή‚Έ,‚ ‚θ
ή“,Τγ‚Λ‚η‚Ά,ΌRΌ,–΅¶π”Τ,382019,¤•Q§,ΌRs,“μΦ‰@’¬,2019-08-13,18,“ΉHγ,{ω‚Ή‚Έ,‚ ‚θ
ή“,Τγ‚Λ‚η‚Ά,ΌRΌ,–΅¶π”Τ,382019,¤•Q§,ΌRs,“μΦ‰@’¬,2019-08-21,19,κΛZ‘ξ,{ω‚Ή‚Έ,‚ ‚θ
ή“,Τγ‚Λ‚η‚Ά,ΌRΌ,–΅¶π”Τ,382019,¤•Q§,ΌRs,“μΦ‰@’¬,2019-08-28,09,κΛZ‘ξ,{ω‚Ή‚Έ,‚ ‚θ
ή“,Τγ‚Λ‚η‚Ά,ΌRΌ,–΅¶π”Τ,382019,¤•Q§,ΌRs,RΌ’¬,2019-05-24,18,‚»‚Μ‘Ό,{ω‚Ή‚Έ,‚ ‚θ
ή“,Τγ‚Λ‚η‚Ά,ΌRΌ,‹v}π”Τ,382019,¤•Q§,ΌRs,ΐι›’¬,2019-08-25,12,“ΉHγ,{ω‚Ή‚Έ,‚ ‚θ
ή“,Τγ‚Λ‚η‚Ά,ΌRΌ,‹v}π”Τ,382019,¤•Q§,ΌRs,›μ‚R’–Ϊ,2019-04-06,16,‚»‚Μ‘Ό,{ω‚Ή‚Έ,‚ ‚θ
ή“,Τγ‚Λ‚η‚Ά,ΌRΌ,‹v}π”Τ,382019,¤•Q§,ΌRs,›μ‚R’–Ϊ,2019-04-08,15,‚»‚Μ‘Ό,{ω‚Ή‚Έ,‚Θ‚µ
ή“,Τγ‚Λ‚η‚Ά,ΌRΌ,‹v}π”Τ,382019,¤•Q§,ΌRs,‹v–ƒm‘δ,2019-03-11,10,’“Τi—Φjκ,{ω‚Ή‚Έ,‚Θ‚µ
ή“,Τγ‚Λ‚η‚Ά,ΌRΌ,‹v}π”Τ,382019,¤•Q§,ΌRs,‹v–ƒm‘δ,2019-12-10,21,’“Τi—Φjκ,{ω‚Ή‚Έ,‚ ‚θ
ή“,Τγ‚Λ‚η‚Ά,ΌRΌ,‹v}π”Τ,382019,¤•Q§,ΌRs,‚–Ψ’¬,2019-07-24,16,’“Τi—Φjκ,{ω‚Ή‚Έ,‚ ‚θ
ή“,Τγ‚Λ‚η‚Ά,ΌRΌ,‹v}π”Τ,382019,¤•Q§,ΌRs,“’·Λ‚P’–Ϊ,2019-03-22,21,’“Τi—Φjκ,{ω‚Ή‚Έ,‚Θ‚µ
ή“,Τγ‚Λ‚η‚Ά,ΌRΌ,a‹C’“έ,382019,¤•Q§,ΌRs,”n–Ψ’¬,2019-04-03,15,‚»‚Μ‘Ό,{ω‚Ή‚Έ,‚ ‚θ
ή“,Τγ‚Λ‚η‚Ά,ΌRΌ,–x]’“έ,382019,¤•Q§,ΌRs,“ΰ‹{’¬,2019-10-30,17,’“Τi—Φjκ,{ω‚Ή‚Έ,‚ ‚θ
ή“,Τγ‚Λ‚η‚Ά,ΌRΌ,–x]’“έ,382019,¤•Q§,ΌRs,–x]’¬,2019-04-16,12,’“Τi—Φjκ,{ω‚Ή‚Έ,‚Θ‚µ
ή“,Τγ‚Λ‚η‚Ά,ΌRΌ,–kππ”Τ,382019,¤•Q§,ΌRs,‘P‰›,2019-01-16,17,“ΉHγ,{ω‚Ή‚Έ,‚ ‚θ
ή“,Τγ‚Λ‚η‚Ά,ΌRΌ,–kππ”Τ,382019,¤•Q§,ΌRs,“yθ“ΰ,2019-04-08,11,“ΉHγ,{ω‚Ή‚Έ,‚ ‚θ
ή“,Τγ‚Λ‚η‚Ά,ΌRΌ,–kππ”Τ,382019,¤•Q§,ΌRs,“yθ“ΰ,2019-11-26,08,“ΉHγ,{ω‚Ή‚Έ,‚ ‚θ
ή“,Τγ‚Λ‚η‚Ά,ΌRΌ,–kππ”Τ,382019,¤•Q§,ΌRs,–kπ’,2019-02-22,10,’“Τi—Φjκ,{ω‚Ή‚Έ,‚ ‚θ
ή“,Τγ‚Λ‚η‚Ά,ΌRΌ,’†“‡’“έ,382019,¤•Q§,ΌRs,‹{–μ,2019-02-12,06,’“Τi—Φjκ,{ω‚Ή‚Έ,‚ ‚θ
ή“,Τγ‚Λ‚η‚Ά,‹v–‚΄,‹v–‚΄x@έ’n,383864,¤•Q§,‹v–‚΄’¬,›¶,2019-03-11,16,‚»‚Μ‘Ό,{ω‚Ή‚Έ,‚Θ‚µ
ή“,Τγ‚Λ‚η‚Ά,Ι—\,‰w‘Oπ”Τ,382108,¤•Q§,Ι—\s,•Δ–©,2019-01-05,08,’“Τi—Φjκ,{ω‚Ή‚Έ,‚ ‚θ
ή“,Τγ‚Λ‚η‚Ά,Ι—\,‰w‘Oπ”Τ,382108,¤•Q§,Ι—\s,‰Ίαμ,2017-02-02,11,κΛZ‘ξ,{ω‚Ή‚Έ,‚ ‚θ
ή“,Τγ‚Λ‚η‚Ά,Ι—\,‰w‘Oπ”Τ,382108,¤•Q§,Ι—\s,‰Ίαμ,2018-10-01,•s–Ύ,κΛZ‘ξ,{ω‚Ή‚Έ,‚ ‚θ
ή“,Τγ‚Λ‚η‚Ά,Ι—\,‰w‘Oπ”Τ,382108,¤•Q§,Ι—\s,‰Ίαμ,2019-07-28,18,“ΉHγ,{ω‚Ή‚Έ,‚Θ‚µ
ή“,Τγ‚Λ‚η‚Ά,Ι—\,‰w‘Oπ”Τ,382108,¤•Q§,Ι—\s,‰Ίαμ,2019-12-20,12,κΛZ‘ξ,{ω‚Ή‚Έ,‚ ‚θ
ή“,Τγ‚Λ‚η‚Ά,Ι—\,‰w‘Oπ”Τ,382108,¤•Q§,Ι—\s,“ε’¬,2019-09-11,12,“ΉHγ,{ω‚Ή‚Έ,‚ ‚θ
ή“,Τγ‚Λ‚η‚Ά,Ι—\,‰w‘Oπ”Τ,384011,¤•Q§,Ό‘O’¬,‘ε“ΏΫ,2019-09-24,07,’“Τi—Φjκ,{ω‚Ή‚Έ,‚ ‚θ
ή“,Τγ‚Λ‚η‚Ά,Ι—\,γ–μ’“έ,382108,¤•Q§,Ι—\s,γO’J,2019-08-13,11,‚»‚Μ‘Ό,{ω‚Ή‚Έ,‚ ‚θ
ή“,Τγ‚Λ‚η‚Ά,Ι—\,γ–μ’“έ,382108,¤•Q§,Ι—\s,γO’J,2019-11-21,17,’“Τi—Φjκ,{ω‚Ή‚Έ,‚Θ‚µ
ή“,Τγ‚Λ‚η‚Ά,Ι—\,γ–μ’“έ,382108,¤•Q§,Ι—\s,γO’J,2019-12-04,12,’“Τi—Φjκ,{ω‚Ή‚Έ,‚ ‚θ
ή“,Τγ‚Λ‚η‚Ά,Ι—\,γ–μ’“έ,382108,¤•Q§,Ι—\s,‰ΊO’J,2019-12-07,09,“ΉHγ,{ω‚Ή‚Έ,‚ ‚θ
ή“,Τγ‚Λ‚η‚Ά,Ι—\,’†‘Ί’“έ,382108,¤•Q§,Ι—\s,’†‘Ί,2019-04-12,07,’“Τi—Φjκ,{ω‚Ή‚Έ,‚Θ‚µ
ή“,Τγ‚Λ‚η‚Ά,Ι—\,’†‘Ί’“έ,382108,¤•Q§,Ι—\s,X,2019-11-09,16,“ΉHγ,{ω‚Ή‚Έ,‚Θ‚µ
ή“,Τγ‚Λ‚η‚Ά,Ι—\,Ό‘Oπ”Τ,384011,¤•Q§,Ό‘O’¬,‘ε‘εa,2018-12-13,17,‚»‚Μ‘Ό,{ω‚Ή‚Έ,‚Θ‚µ
ή“,Τγ‚Λ‚η‚Ά,Ι—\,Ό‘Oπ”Τ,384011,¤•Q§,Ό‘O’¬,‘ε–kμ΄,2018-09-01,•s–Ύ,’“Τi—Φjκ,{ω‚Ή‚Έ,‚ ‚θ
ή“,Τγ‚Λ‚η‚Ά,Ι—\,Ό‘Oπ”Τ,384011,¤•Q§,Ό‘O’¬,‘ε–kμ΄,2019-03-09,17,’“Τi—Φjκ,{ω‚Ή‚Έ,‚ ‚θ
ή“,Τγ‚Λ‚η‚Ά,Ι—\,Ό‘Oπ”Τ,384011,¤•Q§,Ό‘O’¬,‘ε–kμ΄,2019-09-06,14,‚»‚Μ‘Ό,{ω‚Ή‚Έ,‚ ‚θ
ή“,Τγ‚Λ‚η‚Ά,Ι—\,Ό‘Oπ”Τ,384011,¤•Q§,Ό‘O’¬,‘ε–k•“c,2018-10-02,00,κΛZ‘ξ,{ω‚Ή‚Έ,‚Θ‚µ
ή“,Τγ‚Λ‚η‚Ά,Ι—\,Ό‘Oπ”Τ,384011,¤•Q§,Ό‘O’¬,‘ε–k•“c,2019-12-10,14,“ΉHγ,{ω‚Ή‚Έ,‚Θ‚µ
ή“,Τγ‚Λ‚η‚Ά,Ι—\,Ό‘Oπ”Τ,384011,¤•Q§,Ό‘O’¬,‘ε“›δ,2019-03-14,11,’“Τi—Φjκ,{ω‚Ή‚Έ,‚Θ‚µ
ή“,Τγ‚Λ‚η‚Ά,Ι—\,Ό‘Oπ”Τ,384011,¤•Q§,Ό‘O’¬,‘ε“›δ,2019-08-26,17,’“Τi—Φjκ,{ω‚Ή‚Έ,‚Θ‚µ
ή“,Τγ‚Λ‚η‚Ά,Ι—\,Ό‘Oπ”Τ,384011,¤•Q§,Ό‘O’¬,‘ε“›δ,2019-09-06,15,’“Τi—Φjκ,{ω‚Ή‚Έ,‚ ‚θ
ή“,Τγ‚Λ‚η‚Ά,Ι—\,Ό‘Oπ”Τ,384011,¤•Q§,Ό‘O’¬,‘ε“›δ,2019-09-19,22,κΛZ‘ξ,{ω‚Ή‚Έ,‚ ‚θ
ή“,Τγ‚Λ‚η‚Ά,Ι—\,Ό‘Oπ”Τ,384011,¤•Q§,Ό‘O’¬,‘εΌΓς,2019-06-19,20,’“Τi—Φjκ,{ω‚Ή‚Έ,‚Θ‚µ
ή“,Τγ‚Λ‚η‚Ά,Ι—\,Ό‘Oπ”Τ,384011,¤•Q§,Ό‘O’¬,‘εΌΓς,2019-12-21,21,’“Τi—Φjκ,{ω‚Ή‚Έ,‚ ‚θ
ή“,Τγ‚Λ‚η‚Ά,Ι—\,Ό‘Oπ”Τ,384011,¤•Q§,Ό‘O’¬,‘εΌ‚–φ,2019-12-26,08,’“Τi—Φjκ,{ω‚Ή‚Έ,‚ ‚θ
ή“,Τγ‚Λ‚η‚Ά,Ι—\,Ό‘Oπ”Τ,384011,¤•Q§,Ό‘O’¬,‘ε•l,2019-10-27,18,κΛZ‘ξ,{ω‚Ή‚Έ,‚ ‚θ
ή“,Τγ‚Λ‚η‚Ά,Ι—\,Ό‘Oπ”Τ,384011,¤•Q§,Ό‘O’¬,‘ε“Γς,2018-12-14,00,κΛZ‘ξ,{ω‚Ή‚Έ,‚Θ‚µ
ή“,Τγ‚Λ‚η‚Ά,‘εF,’†‰›π”Τ,382078,¤•Q§,‘εFs,“ΏX,2019-12-05,08,“ΉHγ,{ω‚Ή‚Έ,‚ ‚θ
ή“,Τγ‚Λ‚η‚Ά,‘εF,’†‰›π”Τ,382078,¤•Q§,‘εFs,“‘εF,2019-03-22,10,‚»‚Μ‘Ό,{ω‚Ή‚Έ,‚Θ‚µ
ή“,Τγ‚Λ‚η‚Ά,‘εF,V’J’“έ,382078,¤•Q§,‘εFs,V’J,2019-09-16,11,“ΉHγ,{ω‚Ή‚Έ,‚ ‚θ
ή“,Τγ‚Λ‚η‚Ά,‘εF,V’J’“έ,382078,¤•Q§,‘εFs,V’J,2019-10-17,06,’“Τi—Φjκ,{ω‚Ή‚Έ,‚Θ‚µ
ή“,Τγ‚Λ‚η‚Ά,‘εF,“ΰqπ”Τ,384224,¤•Q§,“ΰq’¬,“ΰq,2019-06-29,07,“ΉHγ,{ω‚Ή‚Έ,‚ ‚θ
ή“,Τγ‚Λ‚η‚Ά,‘εF,“ΰqπ”Τ,384224,¤•Q§,“ΰq’¬,hΤ,2019-04-11,16,’“Τi—Φjκ,{ω‚Ή‚Έ,‚ ‚θ
ή“,Τγ‚Λ‚η‚Ά,””¦•l,•Ϋ“ΰπ”Τ,382043,¤•Q§,””¦•ls,•Ϋ“ΰ’¬μ”VΞ,2019-03-26,08,‚»‚Μ‘Ό,{ω‚Ή‚Έ,‚ ‚θ
ή“,Τγ‚Λ‚η‚Ά,””¦•l,•Ϋ“ΰπ”Τ,382043,¤•Q§,””¦•ls,•Ϋ“ΰ’¬‹{“ΰ,2019-12-15,17,’“Τi—Φjκ,{ω‚Ή‚Έ,‚Θ‚µ
ή“,Τγ‚Λ‚η‚Ά,””¦•l,‚έ‚Θ‚Ζπ”Τ,382043,¤•Q§,””¦•ls,,2019-03-02,09,’“Τi—Φjκ,{ω‚Ή‚Έ,‚Θ‚µ
ή“,Τγ‚Λ‚η‚Ά,””¦•l,‚έ‚Θ‚Ζπ”Τ,382043,¤•Q§,””¦•ls,]Λ‰‚P’–Ϊ,2019-03-01,13,‚»‚Μ‘Ό,{ω‚Ή‚Έ,‚Θ‚µ
ή“,Τγ‚Λ‚η‚Ά,””¦•l,‚έ‚Θ‚Ζπ”Τ,382043,¤•Q§,””¦•ls,]Λ‰‚P’–Ϊ,2019-05-26,08,’“Τi—Φjκ,{ω‚Ή‚Έ,‚Θ‚µ
ή“,Τγ‚Λ‚η‚Ά,””¦•l,‚έ‚Θ‚Ζπ”Τ,382043,¤•Q§,””¦•ls,‘ε•½,2019-09-21,13,κΛZ‘ξ,{ω‚Ή‚Έ,‚ ‚θ
ή“,Τγ‚Λ‚η‚Ά,””¦•l,‚έ‚Θ‚Ζπ”Τ,382043,¤•Q§,””¦•ls,I–μ‰Y,2019-06-25,14,’“Τi—Φjκ,{ω‚Ή‚Έ,‚Θ‚µ
ή“,Τγ‚Λ‚η‚Ά,””¦•l,‚έ‚Θ‚Ζπ”Τ,382043,¤•Q§,””¦•ls,Ό”,2019-03-05,10,‚»‚Μ‘Ό,{ω‚Ή‚Έ,‚Θ‚µ
ή“,Τγ‚Λ‚η‚Ά,””¦•l,‚έ‚Θ‚Ζπ”Τ,382043,¤•Q§,””¦•ls,Ό”,2019-03-26,10,’“Τi—Φjκ,{ω‚Ή‚Έ,‚Θ‚µ
ή“,Τγ‚Λ‚η‚Ά,””¦•l,‚έ‚Θ‚Ζπ”Τ,382043,¤•Q§,””¦•ls,,2019-08-10,07,’“Τi—Φjκ,{ω‚Ή‚Έ,‚ ‚θ
ή“,Τγ‚Λ‚η‚Ά,””¦•l,‚έ‚Θ‚Ζπ”Τ,382043,¤•Q§,””¦•ls,,2019-08-18,05,’“Τi—Φjκ,{ω‚Ή‚Έ,‚Θ‚µ
ή“,Τγ‚Λ‚η‚Ά,Ό—\,γΌ—t’“έ,382141,¤•Q§,Ό—\s,‰Fa’¬£Λ,2019-12-11,16,’“Τi—Φjκ,{ω‚Ή‚Έ,‚ ‚θ
ή“,Τγ‚Λ‚η‚Ά,Ό—\,F“c’“έ,382141,¤•Q§,Ό—\s,‰Fa’¬–ΎΤ,2019-08-26,14,‚»‚Μ‘Ό,{ω‚Ή‚Έ,‚ ‚θ
ή“,Τγ‚Λ‚η‚Ά,Ό—\,F“c’“έ,382141,¤•Q§,Ό—\s,‰Fa’¬ξ¶,2019-11-15,14,’“Τi—Φjκ,{ω‚Ή‚Έ,‚ ‚θ
ή“,Τγ‚Λ‚η‚Ά,Ό—\,‚R’“έ,382141,¤•Q§,Ό—\s,–Ύ•l’¬λ•l,2019-10-17,07,’“Τi—Φjκ,{ω‚Ή‚Έ,‚ ‚θ
ή“,Τγ‚Λ‚η‚Ά,Ό—\,–μ‘Ίπ”Τ,382141,¤•Q§,Ό—\s,–μ‘Ί’¬–μ‘Ί,2019-11-30,19,’“Τi—Φjκ,{ω‚Ή‚Έ,‚ ‚θ
ή“,Τγ‚Λ‚η‚Ά,Ό—\,–μ‘Ίπ”Τ,382141,¤•Q§,Ό—\s,–μ‘Ί’¬–μ‘Ί,2019-12-30,17,’“Τi—Φjκ,{ω‚Ή‚Έ,‚ ‚θ
ή“,Τγ‚Λ‚η‚Ά,‰Fa“‡,‰w‘Oπ”Τ,382035,¤•Q§,‰Fa“‡s,,2019-05-10,10,’“Τi—Φjκ,{ω‚Ή‚Έ,‚Θ‚µ
ή“,Τγ‚Λ‚η‚Ά,‰Fa“‡,‰w‘Oπ”Τ,382035,¤•Q§,‰Fa“‡s,b”ό{’¬‚P’–Ϊ,2019-04-19,13,“ΉHγ,{ω‚Ή‚Έ,‚Θ‚µ
ή“,Τγ‚Λ‚η‚Ά,‰Fa“‡,‰w‘Oπ”Τ,382035,¤•Q§,‰Fa“‡s,•Ω“V’¬‚R’–Ϊ,2019-01-21,08,’“Τi—Φjκ,{ω‚Ή‚Έ,‚ ‚θ
ή“,Τγ‚Λ‚η‚Ά,‰Fa“‡,‰w‘Oπ”Τ,382035,¤•Q§,‰Fa“‡s,Ϋ•δ’¬‚P’–Ϊ,2019-03-23,08,’“Τi—Φjκ,{ω‚Ή‚Έ,‚ ‚θ
ή“,Τγ‚Λ‚η‚Ά,‰Fa“‡,‰w‘Oπ”Τ,382035,¤•Q§,‰Fa“‡s,Ϋ”V“ΰ‚T’–Ϊ,2019-08-13,11,’“Τi—Φjκ,{ω‚Ή‚Έ,‚ ‚θ
ή“,Τγ‚Λ‚η‚Ά,‰Fa“‡,ι“μπ”Τ,382035,¤•Q§,‰Fa“‡s,μ“ΰ,2019-04-09,15,’“Τi—Φjκ,{ω‚Ή‚Έ,‚ ‚θ
ή“,Τγ‚Λ‚η‚Ά,‰Fa“‡,ι“μπ”Τ,382035,¤•Q§,‰Fa“‡s,‰Δ–Ϊ’¬‚Q’–Ϊ,2019-06-19,17,’“Τi—Φjκ,{ω‚Ή‚Έ,‚ ‚θ
ή“,Τγ‚Λ‚η‚Ά,‰Fa“‡,ι“μπ”Τ,382035,¤•Q§,‰Fa“‡s,’¬,2019-05-10,10,’“Τi—Φjκ,{ω‚Ή‚Έ,‚Θ‚µ
ή“,Τγ‚Λ‚η‚Ά,‰Fa“‡,O‰Y’“έ,382035,¤•Q§,‰Fa“‡s,Ξ‰,2019-08-03,15,’“Τi—Φjκ,{ω‚Ή‚Έ,‚Θ‚µ
ή“,Τγ‚Λ‚η‚Ά,‰Fa“‡,—’“έ,382035,¤•Q§,‰Fa“‡s,jX,2019-01-28,16,’“Τi—Φjκ,{ω‚Ή‚Έ,‚ ‚θ
ή“,Τγ‚Λ‚η‚Ά,‰Fa“‡,—’“έ,382035,¤•Q§,‰Fa“‡s,jX,2019-10-01,•s–Ύ,κΛZ‘ξ,{ω‚Ή‚Έ,‚ ‚θ
ή“,Τγ‚Λ‚η‚Ά,‰Fa“‡,—’“έ,382035,¤•Q§,‰Fa“‡s,•Ϋ“c,2019-03-04,10,’“Τi—Φjκ,{ω‚Ή‚Έ,‚ ‚θ
ή“,Τγ‚Λ‚η‚Ά,‰Fa“‡,‹g“cπ”Τ,382035,¤•Q§,‰Fa“‡s,‹g“c’¬‰Ν“ΰ,2019-02-24,12,’“Τi—Φjκ,{ω‚Ή‚Έ,‚ ‚θ
ή“,Τγ‚Λ‚η‚Ά,‰Fa“‡,‹g“cπ”Τ,382035,¤•Q§,‰Fa“‡s,‹g“c’¬Ό¬H,2019-02-20,09,’“Τi—Φjκ,{ω‚Ή‚Έ,‚ ‚θ
ή“,Τγ‚Λ‚η‚Ά,‰Fa“‡,’Γ“‡’“έ,382035,¤•Q§,‰Fa“‡s,’Γ“‡’¬–k“ε,2019-06-28,14,’“Τi—Φjκ,{ω‚Ή‚Έ,‚ ‚θ
ή“,Τγ‚Λ‚η‚Ά,‰Fa“‡,’Γ“‡’“έ,382035,¤•Q§,‰Fa“‡s,’Γ“‡’¬–k“ε,2019-09-10,15,κΛZ‘ξ,{ω‚Ή‚Έ,‚ ‚θ
ή“,Τγ‚Λ‚η‚Ά,‰Fa“‡,΄–’“έ,382035,¤•Q§,‰Fa“‡s,’Γ“‡’¬‰Ί”¨’n,2019-08-15,15,’“Τi—Φjκ,{ω‚Ή‚Έ,‚ ‚θ
ή“,Τγ‚Λ‚η‚Ά,‰Fa“‡,—Vq’“έ,382035,¤•Q§,‰Fa“‡s,‰Ί”g,2019-02-20,01,’“Τi—Φjκ,{ω‚Ή‚Έ,‚ ‚θ
ή“,Τγ‚Λ‚η‚Ά,‰Fa“‡,—Vq’“έ,382035,¤•Q§,‰Fa“‡s,‰Ί”g,2019-02-24,15,κΛZ‘ξ,{ω‚Ή‚Έ,‚ ‚θ
ή“,Τγ‚Λ‚η‚Ά,‰Fa“‡,—Vq’“έ,382035,¤•Q§,‰Fa“‡s,‰Ί”g,2019-09-27,19,κΛZ‘ξ,{ω‚Ή‚Έ,‚ ‚θ
ή“,Τγ‚Λ‚η‚Ά,‰Fa“‡,—Vq’“έ,382035,¤•Q§,‰Fa“‡s,‰Ί”g,2019-11-24,15,‚»‚Μ‘Ό,{ω‚Ή‚Έ,‚Θ‚µ
ή“,Τγ‚Λ‚η‚Ά,‰Fa“‡,—Vq’“έ,382035,¤•Q§,‰Fa“‡s,‰Ί”g,2019-11-24,16,’“Τi—Φjκ,{ω‚Ή‚Έ,‚ ‚θ
ή“,Τγ‚Λ‚η‚Ά,‰Fa“‡,OΤ’“έ,382035,¤•Q§,‰Fa“‡s,OΤ’¬‘],2019-12-22,02,‚»‚Μ‘Ό,{ω‚Ή‚Έ,‚ ‚θ
ή“,Τγ‚Λ‚η‚Ά,‰Fa“‡,OΤ’“έ,382035,¤•Q§,‰Fa“‡s,OΤ’¬”—–Ϊ,2019-07-30,17,’“Τi—Φjκ,{ω‚Ή‚Έ,‚Θ‚µ
ή“,Τγ‚Λ‚η‚Ά,‰Fa“‡,OΤ’“έ,382035,¤•Q§,‰Fa“‡s,OΤ’¬‹{–μ‰Ί,2019-07-29,17,’“Τi—Φjκ,{ω‚Ή‚Έ,‚Θ‚µ
ή“,Τγ‚Λ‚η‚Ά,‰Fa“‡,‹S–kπ”Τ,384887,¤•Q§,‹S–k’¬,‘εΕ,2019-01-13,14,’“Τi—Φjκ,{ω‚Ή‚Έ,‚Θ‚µ
ή“,Τγ‚Λ‚η‚Ά,‰Fa“‡,‹S–kπ”Τ,384887,¤•Q§,‹S–k’¬,‘ε‹ί‰i,2019-08-01,16,’“Τi—Φjκ,{ω‚Ή‚Έ,‚Θ‚µ
ή“,Τγ‚Λ‚η‚Ά,‰Fa“‡,‹S–kπ”Τ,384887,¤•Q§,‹S–k’¬,‘ε‰i–μs,2019-01-25,17,’“Τi—Φjκ,{ω‚Ή‚Έ,‚Θ‚µ
ή“,Τγ‚Λ‚η‚Ά,‰Fa“‡,‹S–kπ”Τ,384887,¤•Q§,‹S–k’¬,‘ε“ή—Η,2019-09-05,08,“ΉHγ,{ω‚Ή‚Έ,‚ ‚θ
ή“,Τγ‚Λ‚η‚Ά,¤“μ,“ΰC’“έ,385069,¤•Q§,¤“μ’¬,•½αμ,2019-03-27,08,’“Τi—Φjκ,{ω‚Ή‚Έ,‚ ‚θ
ή“,Τγ‚Λ‚η‚Ά,¤“μ,“ΰC’“έ,385069,¤•Q§,¤“μ’¬,•½αμ,2019-04-28,13,’“Τi—Φjκ,{ω‚Ή‚Έ,‚Θ‚µ
ή“,Τγ‚Λ‚η‚Ά,¤“μ,“ΰC’“έ,385069,¤•Q§,¤“μ’¬,–ϋ‘ά,2019-04-10,08,“ΉHγ,{ω‚Ή‚Έ,‚ ‚θ
ή“,Τγ‚Λ‚η‚Ά,¤“μ,κ–{Ό’“έ,385069,¤•Q§,¤“μ’¬,e–{,2019-08-12,16,“ΉHγ,{ω‚Ή‚Έ,‚Θ‚µ
ή“,Τγ‚Λ‚η‚Ά,ΌR“μ,Ξδπ”Τ,382019,¤•Q§,ΌRs,“y‹’¬,2019-02-14,08,“ΉHγ,{ω‚Ή‚Έ,‚Θ‚µ
ή“,Τγ‚Λ‚η‚Ά,ΌR“μ,Ξδπ”Τ,382019,¤•Q§,ΌRs,“y‹’¬,2019-04-09,17,“ΉHγ,{ω‚Ή‚Έ,‚ ‚θ
ή“,Τγ‚Λ‚η‚Ά,ΌR“μ,Ξδπ”Τ,382019,¤•Q§,ΌRs,Γμ“μ‚R’–Ϊ,2019-06-20,11,κΛZ‘ξ,{ω‚Ή‚Έ,‚ ‚θ
ή“,Τγ‚Λ‚η‚Ά,ΌR“μ,Ξδπ”Τ,382019,¤•Q§,ΌRs,ΌΞδ‚Q’–Ϊ,2019-06-20,12,κΛZ‘ξ,{ω‚Ή‚Έ,‚ ‚θ
ή“,Τγ‚Λ‚η‚Ά,ΌR“μ,Ξδπ”Τ,382019,¤•Q§,ΌRs,΅έ‰Ζ‚S’–Ϊ,2019-07-05,17,κΛZ‘ξ,{ω‚Ή‚Έ,‚ ‚θ
ή“,Τγ‚Λ‚η‚Ά,ΌR“μ,Ξδπ”Τ,382019,¤•Q§,ΌRs,΅έ‰Ζ‚S’–Ϊ,2019-07-05,18,κΛZ‘ξ,{ω‚Ή‚Έ,‚Θ‚µ
ή“,Τγ‚Λ‚η‚Ά,ΌR“μ,Ξδπ”Τ,382019,¤•Q§,ΌRs,“Ξδ‚Q’–Ϊ,2019-02-23,16,’“Τi—Φjκ,{ω‚Ή‚Έ,‚ ‚θ
ή“,Τγ‚Λ‚η‚Ά,ΌR“μ,Ξδπ”Τ,382019,¤•Q§,ΌRs,aς“μ‚P’–Ϊ,2019-05-12,16,’“Τi—Φjκ,{ω‚Ή‚Έ,‚Θ‚µ
ή“,Τγ‚Λ‚η‚Ά,ΌR“μ,Ξδπ”Τ,382019,¤•Q§,ΌRs,‹‘‚P’–Ϊ,2019-11-12,18,’“Τi—Φjκ,{ω‚Ή‚Έ,‚ ‚θ
ή“,Τγ‚Λ‚η‚Ά,ΌR“μ,Ξδπ”Τ,382019,¤•Q§,ΌRs,‹‘‚T’–Ϊ,2019-08-13,11,κΛZ‘ξ,{ω‚Ή‚Έ,‚ ‚θ
ή“,Τγ‚Λ‚η‚Ά,ΌR“μ,Ξδπ”Τ,382019,¤•Q§,ΌRs,‹‘‚U’–Ϊ,2019-06-08,18,“ΉHγ,{ω‚Ή‚Έ,‚ ‚θ
ή“,Τγ‚Λ‚η‚Ά,ΌR“μ,Ξδπ”Τ,382019,¤•Q§,ΌRs,‹‘‚U’–Ϊ,2019-07-28,10,κΛZ‘ξ,{ω‚Ή‚Έ,‚ ‚θ
ή“,Τγ‚Λ‚η‚Ά,ΌR“μ,Ξδπ”Τ,382019,¤•Q§,ΌRs,–kδ–ε‚S’–Ϊ,2019-01-09,14,‚»‚Μ‘Ό,{ω‚Ή‚Έ,‚ ‚θ
ή“,Τγ‚Λ‚η‚Ά,ΌR“μ,Ξδπ”Τ,382019,¤•Q§,ΌRs,–k“y‹‚P’–Ϊ,2019-07-07,17,κΛZ‘ξ,{ω‚Ή‚Έ,‚Θ‚µ
ή“,Τγ‚Λ‚η‚Ά,ΌR“μ,Ξδπ”Τ,382019,¤•Q§,ΌRs,–k“y‹‚Q’–Ϊ,2019-12-02,16,κΛZ‘ξ,{ω‚Ή‚Έ,‚ ‚θ
ή“,Τγ‚Λ‚η‚Ά,ΌR“μ,‹v•Δπ”Τ,382019,¤•Q§,ΌRs,•‰Ή›’¬,2019-02-27,14,“ΉHγ,{ω‚Ή‚Έ,‚ ‚θ
ή“,Τγ‚Λ‚η‚Ά,ΌR“μ,‹v•Δπ”Τ,382019,¤•Q§,ΌRs,•‰Ή›’¬,2019-08-12,14,‚»‚Μ‘Ό,{ω‚Ή‚Έ,‚Θ‚µ
ή“,Τγ‚Λ‚η‚Ά,ΌR“μ,‹v•Δπ”Τ,382019,¤•Q§,ΌRs,“μ‹v•Δ’¬,2019-01-11,15,’“Τi—Φjκ,{ω‚Ή‚Έ,‚ ‚θ
ή“,Τγ‚Λ‚η‚Ά,ΌR“μ,‹v•Δπ”Τ,382019,¤•Q§,ΌRs,“μ‹v•Δ’¬,2019-02-21,16,’“Τi—Φjκ,{ω‚Ή‚Έ,‚Θ‚µ
ή“,Τγ‚Λ‚η‚Ά,ΌR“μ,‹v•Δπ”Τ,382019,¤•Q§,ΌRs,“μ‹v•Δ’¬,2019-02-21,19,‚»‚Μ‘Ό,{ω‚Ή‚Έ,‚Θ‚µ
ή“,Τγ‚Λ‚η‚Ά,ΌR“μ,‹v•Δπ”Τ,382019,¤•Q§,ΌRs,“μ‹v•Δ’¬,2019-02-23,19,‚»‚Μ‘Ό,{ω‚Ή‚Έ,‚Θ‚µ
ή“,Τγ‚Λ‚η‚Ά,ΌR“μ,‹v•Δπ”Τ,382019,¤•Q§,ΌRs,“μ‹v•Δ’¬,2019-05-04,17,’“Τi—Φjκ,{ω‚Ή‚Έ,‚ ‚θ
ή“,Τγ‚Λ‚η‚Ά,ΌR“μ,‹v•Δπ”Τ,382019,¤•Q§,ΌRs,“μ‹v•Δ’¬,2019-07-16,19,‚»‚Μ‘Ό,{ω‚Ή‚Έ,‚Θ‚µ
ή“,Τγ‚Λ‚η‚Ά,ΌR“μ,‹v•Δπ”Τ,382019,¤•Q§,ΌRs,“μ‹v•Δ’¬,2019-12-26,14,‚»‚Μ‘Ό,{ω‚Ή‚Έ,‚Θ‚µ
ή“,Τγ‚Λ‚η‚Ά,ΌR“μ,•‚’“έ,382019,¤•Q§,ΌRs,“μ‚δ’¬,2019-06-14,16,‚»‚Μ‘Ό,{ω‚Ή‚Έ,‚ ‚θ
ή“,Τγ‚Λ‚η‚Ά,ΌR“μ,•‚’“έ,382019,¤•Q§,ΌRs,XΌ’¬,2019-01-20,12,‚»‚Μ‘Ό,{ω‚Ή‚Έ,‚Θ‚µ
ή“,Τγ‚Λ‚η‚Ά,ΌR“μ,¬–μπ”Τ,382019,¤•Q§,ΌRs,•½δ’¬,2019-01-07,17,’“Τi—Φjκ,{ω‚Ή‚Έ,‚Θ‚µ
ή“,Τγ‚Λ‚η‚Ά,ΌR“μ,‹v’J’“έ,382019,¤•Q§,ΌRs,b΄’¬,2019-08-08,13,’“Τi—Φjκ,{ω‚Ή‚Έ,‚Θ‚µ
ή“,Τγ‚Λ‚η‚Ά,ΌR“μ,‹v’J’“έ,382019,¤•Q§,ΌRs,ς—Ϊ—’¬,2019-10-15,17,‚»‚Μ‘Ό,{ω‚Ή‚Έ,‚Θ‚µ
ή“,Τγ‚Λ‚η‚Ά,ΌR“μ,‹v’J’“έ,382019,¤•Q§,ΌRs,’†–μ’¬,2019-01-16,07,’“Τi—Φjκ,{ω‚Ή‚Έ,‚ ‚θ
ή“,Τγ‚Λ‚η‚Ά,ΌR“μ,‹v’J’“έ,382019,¤•Q§,ΌRs,’†–μ’¬,2019-09-28,17,κΛZ‘ξ,{ω‚Ή‚Έ,‚ ‚θ
ή“,Τγ‚Λ‚η‚Ά,ΌR“μ,dMπ”Τ,382159,¤•Q§,“‰·s,‹Ί,2019-03-14,10,’“Τi—Φjκ,{ω‚Ή‚Έ,‚ ‚θ
ή“,Τγ‚Λ‚η‚Ά,ΌR“μ,dMπ”Τ,382159,¤•Q§,“‰·s,‹Ί,2019-04-13,11,κΛZ‘ξ,{ω‚Ή‚Έ,‚ ‚θ
ή“,Τγ‚Λ‚η‚Ά,ΌR“μ,dMπ”Τ,382159,¤•Q§,“‰·s,–k–μ“c,2019-11-15,18,‚»‚Μ‘Ό,{ω‚Ή‚Έ,‚Θ‚µ
ή“,Τγ‚Λ‚η‚Ά,ΌR“μ,dMπ”Τ,382159,¤•Q§,“‰·s,“cE,2019-10-13,11,κΛZ‘ξ,{ω‚Ή‚Έ,‚ ‚θ
ή“,Τγ‚Λ‚η‚Ά,ΌR“μ,dMπ”Τ,382159,¤•Q§,“‰·s,–μ“c‚R’–Ϊ,2019-09-25,19,‚»‚Μ‘Ό,{ω‚Ή‚Έ,‚Θ‚µ
ή“,Τγ‚Λ‚η‚Ά,ΌR“μ,dMπ”Τ,382159,¤•Q§,“‰·s,“μ•ϋ,2019-11-02,14,‚»‚Μ‘Ό,{ω‚Ή‚Έ,‚ ‚θ
ή“,Τγ‚Λ‚η‚Ά,ΌR“μ,dMπ”Τ,382159,¤•Q§,“‰·s,©“ή—Η,2019-06-13,14,‚»‚Μ‘Ό,{ω‚Ή‚Έ,‚ ‚θ
ή“,Τγ‚Λ‚η‚Ά,ΌR“μ,dMπ”Τ,382159,¤•Q§,“‰·s,‰΅‰Ν΄,2019-11-11,20,’“Τi—Φjκ,{ω‚Ή‚Έ,‚Θ‚µ
ή“,Τγ‚Λ‚η‚Ά,ΌR“μ,μ“ΰπ”Τ,382159,¤•Q§,“‰·s,‘¥”V“ΰ,2019-11-08,23,κΛZ‘ξ,{ω‚Ή‚Έ,‚ ‚θ
ή“,Τγ‚Λ‚η‚Ά,ΌR“μ,μ“ΰπ”Τ,382159,¤•Q§,“‰·s,“μ•ϋ,2019-08-01,09,’“Τi—Φjκ,{ω‚Ή‚Έ,‚Θ‚µ
ή“,Τγ‚Λ‚η‚Ά,ΌR“μ,“u•”π”Τ,384020,¤•Q§,“u•”’¬,dυ,2019-02-18,13,’“Τi—Φjκ,{ω‚Ή‚Έ,‚ ‚θ
ή“,Τγ‚Λ‚η‚Ά,ΌR“μ,“u•”π”Τ,384020,¤•Q§,“u•”’¬,΄’¬,2019-10-30,22,’“Τi—Φjκ,{ω‚Ή‚Έ,‚Θ‚µ
ή“,Τγ‚Λ‚η‚Ά,ΌR“μ,’©¶“cπ”Τ,382019,¤•Q§,ΌRs,,2019-11-08,10,‚»‚Μ‘Ό,{ω‚Ή‚Έ,‚ ‚θ
ή“,Τγ‚Λ‚η‚Ά,ΌR“μ,’©¶“cπ”Τ,382019,¤•Q§,ΌRs,’©¶“c’¬‚P’–Ϊ,2019-02-22,10,’“Τi—Φjκ,{ω‚Ή‚Έ,‚ ‚θ
ή“,Τγ‚Λ‚η‚Ά,ΌR“μ,’©¶“cπ”Τ,382019,¤•Q§,ΌRs,’©¶“c’¬‚Q’–Ϊ,2019-03-17,05,’“Τi—Φjκ,{ω‚Ή‚Έ,‚Θ‚µ
ή“,Τγ‚Λ‚η‚Ά,ΌR“μ,’©¶“cπ”Τ,382019,¤•Q§,ΌRs,’©¶“c’¬‚T’–Ϊ,2019-01-20,19,‚»‚Μ‘Ό,{ω‚Ή‚Έ,‚ ‚θ
ή“,Τγ‚Λ‚η‚Ά,ΌR“μ,’©¶“cπ”Τ,382019,¤•Q§,ΌRs,aς–k‚S’–Ϊ,2019-04-18,16,‚»‚Μ‘Ό,{ω‚Ή‚Έ,‚ ‚θ
ή“,Τγ‚Λ‚η‚Ά,ΌR“μ,’©¶“cπ”Τ,382019,¤•Q§,ΌRs,s’Ψ–k‚P’–Ϊ,2019-03-18,13,“ΉHγ,{ω‚Ή‚Έ,‚ ‚θ
ή“,Τγ‚Λ‚η‚Ά,ΌR“μ,’©¶“cπ”Τ,382019,¤•Q§,ΌRs,Γμ–k‚P’–Ϊ,2019-01-16,18,’“Τi—Φjκ,{ω‚Ή‚Έ,‚Θ‚µ
ή“,Τγ‚Λ‚η‚Ά,ΌR“μ,’©¶“cπ”Τ,382019,¤•Q§,ΌRs,Γμ–k‚R’–Ϊ,2019-06-28,15,κΛZ‘ξ,{ω‚Ή‚Έ,‚ ‚θ
ή“,Τγ‚Λ‚η‚Ά,ΌR“μ,’©¶“cπ”Τ,382019,¤•Q§,ΌRs,ΓμΌ‚Q’–Ϊ,2019-03-28,16,“ΉHγ,{ω‚Ή‚Έ,‚ ‚θ
ή“,Τγ‚Λ‚η‚Ά,ΌR“μ,’©¶“cπ”Τ,382019,¤•Q§,ΌRs,“VR‚P’–Ϊ,2019-03-11,12,“ΉHγ,{ω‚Ή‚Έ,‚ ‚θ
ή“,Τγ‚Λ‚η‚Ά,ΌR“μ,’©¶“cπ”Τ,382019,¤•Q§,ΌRs,“VR‚P’–Ϊ,2019-03-20,15,‚»‚Μ‘Ό,{ω‚Ή‚Έ,‚Θ‚µ
ή“,Τγ‚Λ‚η‚Ά,ΌR“μ,’©¶“cπ”Τ,382019,¤•Q§,ΌRs,“VR‚P’–Ϊ,2019-05-20,19,’“Τi—Φjκ,{ω‚Ή‚Έ,‚Θ‚µ
ή“,Τγ‚Λ‚η‚Ά,ΌR“μ,’©¶“cπ”Τ,382019,¤•Q§,ΌRs,“VR‚P’–Ϊ,2019-05-23,22,’“Τi—Φjκ,{ω‚Ή‚Έ,‚ ‚θ
ή“,Τγ‚Λ‚η‚Ά,ΌR“μ,’©¶“cπ”Τ,382019,¤•Q§,ΌRs,“VR‚P’–Ϊ,2019-07-05,18,‚»‚Μ‘Ό,{ω‚Ή‚Έ,‚Θ‚µ
ή“,Τγ‚Λ‚η‚Ά,ΌR“μ,’©¶“cπ”Τ,382019,¤•Q§,ΌRs,“VR‚P’–Ϊ,2019-12-04,19,‚»‚Μ‘Ό,{ω‚Ή‚Έ,‚Θ‚µ
ή“,Τγ‚Λ‚η‚Ά,ΌR“μ,’©¶“cπ”Τ,382019,¤•Q§,ΌRs,aς“μ‚S’–Ϊ,2019-06-08,13,‚»‚Μ‘Ό,{ω‚Ή‚Έ,‚ ‚θ
